CustomerID,RecencyDays,Frequency,MonetaryGBP,RScore,FScore,MScore,Segment
14646,1,74,280206.02,5,5,5,Champions
18102,0,60,259657.3,5,5,5,Champions
17450,7,46,194550.79,5,5,5,Champions
16446,0,2,168472.5,5,3,5,Potential Loyalists
14911,0,201,143825.06,5,5,5,Champions
12415,23,21,124914.53,4,5,5,Loyal Customers
14156,9,55,117379.63,5,5,5,Champions
17511,2,31,91062.38,5,5,5,Champions
16029,38,63,81024.84,3,5,5,Need Attention
12346,325,1,77183.6,1,1,5,Hibernating
16684,3,28,66653.56,5,5,5,Champions
14096,3,17,65164.79,5,5,5,Champions
13694,3,50,65039.62,5,5,5,Champions
15311,0,91,60767.9,5,5,5,Champions
13089,2,97,58825.83,5,5,5,Champions
17949,0,45,58510.48,5,5,5,Champions
15769,6,26,56252.72,5,5,5,Champions
15061,3,48,54534.14,5,5,5,Champions
14298,7,44,51527.3,5,5,5,Champions
14088,9,13,50491.81,5,5,5,Champions
15749,234,3,44534.3,1,3,5,At Risk
12931,21,15,42055.96,4,5,5,Loyal Customers
17841,1,124,40991.57,5,5,5,Champions
15098,181,3,39916.5,1,3,5,At Risk
13798,0,57,37153.85,5,5,5,Champions
16013,3,47,37130.6,5,5,5,Champions
16422,16,51,34684.4,4,5,5,Loyal Customers
12748,0,210,33719.73,5,5,5,Champions
15838,10,19,33643.08,5,5,5,Champions
17404,3,15,31906.82,5,5,5,Champions
17389,0,34,31833.68,5,5,5,Champions
13098,0,28,28882.44,5,5,5,Champions
14680,24,16,28754.11,4,5,5,Loyal Customers
13081,11,11,28337.38,5,5,5,Champions
13408,1,62,28117.04,5,5,5,Champions
17857,3,23,26879.04,5,5,5,Champions
16333,7,22,26626.8,5,5,5,Champions
13777,0,33,25977.16,5,5,5,Champions
12753,22,6,21429.39,4,5,5,Loyal Customers
12744,51,7,21279.29,3,5,5,Need Attention
16210,1,18,21086.3,5,5,5,Champions
17675,0,31,20374.28,5,5,5,Champions
17381,8,29,20275.61,5,5,5,Champions
15039,9,47,19914.44,5,5,5,Champions
12471,1,30,19824.05,5,5,5,Champions
12731,23,12,18895.91,4,5,5,Loyal Customers
15159,1,30,18641.010000000002,5,5,5,Champions
12901,8,28,17654.54,5,5,5,Champions
12678,41,12,17628.46,3,5,5,Need Attention
14031,6,19,17286.86,5,5,5,Champions
17428,0,28,17256.85,5,5,5,Champions
13767,1,37,17220.36,5,5,5,Champions
13881,3,20,17159.52,5,5,5,Champions
16839,8,34,16594.35,5,5,5,Champions
12921,8,37,16587.09,5,5,5,Champions
14607,15,14,16569.5,4,5,5,Loyal Customers
15856,3,27,16387.57,5,5,5,Champions
17677,1,30,16363.23,5,5,5,Champions
15189,0,41,16225.39,5,5,5,Champions
14051,0,23,15610.390000000001,5,5,5,Champions
15513,32,19,14758.220000000001,4,5,5,Loyal Customers
16133,3,33,14589.04,5,5,5,Champions
14866,10,12,14389.9,5,5,5,Champions
16705,0,20,14034.99,5,5,5,Champions
12681,14,22,13787.54,4,5,5,Loyal Customers
12621,1,20,13689.67,5,5,5,Champions
12540,19,17,13400.24,4,5,5,Loyal Customers
12433,0,7,13375.87,5,5,5,Champions
15498,2,27,13316.4,5,5,5,Champions
12477,22,6,13219.74,4,4,5,Loyal Customers
17735,1,19,13110.02,5,5,5,Champions
16525,1,26,13027.45,5,5,5,Champions
14258,8,9,12669.98,5,5,5,Champions
13078,2,26,12627.94,5,5,5,Champions
12536,42,3,12601.830000000002,3,3,5,Need Attention
15640,3,15,12515.66,5,5,5,Champions
16000,2,3,12393.7,5,4,5,Champions
17340,29,11,12353.29,4,5,5,Loyal Customers
12682,3,31,12288.22,5,5,5,Champions
13113,0,24,12245.960000000001,5,5,5,Champions
14606,0,93,12156.65,5,5,5,Champions
12557,15,5,11990.960000000001,4,4,5,Loyal Customers
12939,63,8,11581.8,3,5,5,Need Attention
15125,24,15,11528.48,4,5,5,Loyal Customers
14194,4,21,11349.52,5,5,5,Champions
12971,3,86,11189.91,5,5,5,Champions
14895,7,20,11138.710000000001,5,5,5,Champions
12409,78,3,11072.67,2,3,5,At Risk
15482,15,12,11054.96,4,5,5,Loyal Customers
17581,0,25,11045.04,5,5,5,Champions
13319,4,26,10845.550000000001,5,5,5,Champions
17107,32,6,10815.43,4,5,5,Loyal Customers
13340,44,7,10736.48,3,5,5,Need Attention
14769,2,8,10674.75,5,5,5,Champions
17139,15,12,10668.47,4,5,5,Loyal Customers
16779,1,22,10629.720000000001,5,5,5,Champions
17865,30,20,10526.32,4,5,5,Loyal Customers
17706,3,17,10504.49,5,5,5,Champions
15251,8,11,10484.99,5,5,5,Champions
14062,9,12,10464.85,5,5,5,Champions
15615,9,23,10399.74,5,5,5,Champions
15502,15,12,10384.93,4,5,5,Loyal Customers
16180,99,8,10254.18,2,5,5,At Risk
16843,42,16,10196.57,3,5,5,Need Attention
12590,210,2,9864.26,1,2,5,Hibernating
13001,3,13,9818.82,5,5,5,Champions
13199,3,38,9817.12,5,5,5,Champions
15078,6,32,9743.11,5,5,5,Champions
12709,14,15,9736.52,4,5,5,Loyal Customers
13458,6,14,9646.57,5,5,5,Champions
14733,15,12,9585.91,4,5,5,Loyal Customers
16523,1,21,9418.470000000001,5,5,5,Champions
12567,22,10,9401.28,4,5,5,Loyal Customers
14367,7,16,9261.52,5,5,5,Champions
14667,10,25,9241.2,5,5,5,Champions
18092,1,11,9068.26,5,5,5,Champions
13969,6,18,9053.94,5,5,5,Champions
12451,10,5,9035.52,5,4,5,Champions
13488,16,13,8968.31,4,5,5,Loyal Customers
13090,8,14,8910.82,5,5,5,Champions
16033,5,20,8816.4,5,5,5,Champions
17017,2,20,8694.26,5,5,5,Champions
17243,0,26,8676.85,5,5,5,Champions
17306,10,19,8631.31,5,5,5,Champions
16656,21,15,8625.8,4,5,5,Loyal Customers
14527,2,55,8508.82,5,5,5,Champions
12683,3,15,8476.57,5,5,5,Champions
18139,17,6,8438.34,4,5,5,Loyal Customers
15358,4,22,8347.2,5,5,5,Champions
16558,0,20,8338.49,5,5,5,Champions
14056,0,23,8214.65,5,5,5,Champions
14936,33,8,8137.02,3,5,5,Need Attention
16672,1,20,8134.9400000000005,5,5,5,Champions
13854,8,25,8109.5199999999995,5,5,5,Champions
14952,59,11,8099.49,3,5,5,Need Attention
18109,1,26,8052.97,5,5,5,Champions
14796,0,17,8022.49,5,5,5,Champions
12428,25,9,7956.46,4,5,5,Loyal Customers
15290,4,18,7943.22,5,5,5,Champions
14849,21,25,7930.54,4,5,5,Loyal Customers
12757,15,13,7857.1,4,5,5,Loyal Customers
17811,3,39,7837.7300000000005,5,5,5,Champions
13093,275,8,7832.47,1,5,5,Cannot Lose Them
12435,79,2,7829.89,2,2,5,Hibernating
13629,22,11,7792.36,4,5,5,Loyal Customers
15044,18,17,7700.2300000000005,4,5,5,Loyal Customers
15194,2,15,7616.53,5,5,5,Champions
18172,14,20,7561.68,4,5,5,Loyal Customers
13263,0,35,7454.07,5,5,5,Champions
12474,16,18,7375.79,4,5,5,Loyal Customers
12980,157,9,7374.900000000001,2,5,5,At Risk
15465,19,18,7354.62,4,5,5,Loyal Customers
17396,38,8,7330.8,3,5,5,Need Attention
12583,2,15,7281.38,5,5,5,Champions
13018,15,28,7277.7,4,5,5,Loyal Customers
18229,11,20,7276.900000000001,5,5,5,Champions
16923,11,19,7247.61,5,5,5,Champions
16729,37,21,7239.92,3,5,5,Need Attention
16745,86,17,7194.3,2,5,5,At Risk
16873,4,6,7123.62,5,5,5,Champions
13324,35,10,7121.95,3,5,5,Need Attention
13985,3,15,7060.13,5,5,5,Champions
14961,10,9,7044.68,5,5,5,Champions
12766,3,7,6989.63,5,5,5,Champions
12798,9,3,6977.04,5,3,5,Potential Loyalists
12989,2,15,6924.110000000001,5,5,5,Champions
16713,18,15,6923.13,4,5,5,Loyal Customers
13027,113,6,6912.0,2,5,5,At Risk
16187,31,15,6911.4400000000005,4,5,5,Loyal Customers
17416,29,7,6893.42,4,5,5,Loyal Customers
12705,14,9,6868.29,4,5,5,Loyal Customers
12476,15,11,6816.42,4,5,5,Loyal Customers
12830,37,6,6814.64,3,5,5,Need Attention
15023,2,11,6802.76,5,5,5,Champions
18055,6,10,6784.1900000000005,5,5,5,Champions
15601,10,14,6776.56,5,5,5,Champions
16652,58,7,6773.97,3,5,5,Need Attention
16532,17,3,6748.8,4,4,5,Loyal Customers
13576,9,18,6717.34,5,5,5,Champions
16746,4,18,6697.66,5,5,5,Champions
15249,31,13,6688.46,4,5,5,Loyal Customers
16353,3,23,6675.71,5,5,5,Champions
17338,16,8,6643.93,4,5,5,Loyal Customers
12626,22,9,6620.48,4,5,5,Loyal Customers
16182,71,4,6617.65,3,4,5,Need Attention
15144,7,17,6580.44,5,5,5,Champions
12472,31,7,6572.11,4,5,5,Loyal Customers
16814,13,21,6509.1,4,5,5,Loyal Customers
12431,35,15,6487.45,3,5,5,Need Attention
18223,4,14,6484.54,5,5,5,Champions
15694,0,14,6479.4,5,5,5,Champions
13225,2,7,6463.84,5,5,5,Champions
13102,0,24,6424.09,5,5,5,Champions
13871,22,13,6403.25,4,5,5,Loyal Customers
12359,57,4,6372.58,3,4,5,Need Attention
13668,2,21,6363.59,5,5,5,Champions
13709,3,13,6328.05,5,5,5,Champions
15005,15,28,6316.57,4,5,5,Loyal Customers
17315,1,38,6292.26,5,5,5,Champions
16126,28,4,6287.77,4,4,5,Loyal Customers
14057,23,17,6217.96,4,5,5,Loyal Customers
12357,32,1,6207.67,4,1,5,Potential Loyalists
14060,4,19,6140.42,5,5,5,Champions
13418,11,18,6127.43,5,5,5,Champions
17509,57,8,6115.14,3,5,5,Need Attention
15939,89,15,6115.01,2,5,5,At Risk
14735,3,32,6065.69,5,5,5,Champions
12637,66,8,6021.9,3,5,5,Need Attention
13097,32,10,6010.42,4,5,5,Loyal Customers
13316,36,4,5977.7300000000005,3,4,5,Need Attention
14101,73,6,5976.79,2,5,5,At Risk
15382,14,6,5955.71,4,5,5,Loyal Customers
14505,16,8,5905.64,4,5,5,Loyal Customers
14415,0,13,5900.28,5,5,5,Champions
14944,29,12,5900.25,4,5,5,Loyal Customers
13209,29,8,5891.61,4,5,5,Loyal Customers
13534,1,25,5870.08,5,5,5,Champions
13050,14,17,5836.86,4,5,5,Loyal Customers
12720,2,25,5781.73,5,5,5,Champions
15218,10,11,5756.89,5,5,5,Champions
17686,6,7,5739.46,5,5,5,Champions
13178,25,11,5725.47,4,5,5,Loyal Customers
16553,162,12,5719.82,2,5,5,At Risk
13468,1,37,5704.97,5,5,5,Champions
14110,3,12,5683.15,5,5,5,Champions
14049,16,4,5681.72,4,4,5,Loyal Customers
17049,2,9,5659.9800000000005,5,5,5,Champions
17716,22,11,5655.99,4,5,5,Loyal Customers
13004,11,18,5655.91,5,5,5,Champions
18118,10,26,5653.82,5,5,5,Champions
14688,7,21,5630.87,5,5,5,Champions
17757,0,30,5605.29,5,5,5,Champions
12481,22,10,5596.32,4,5,5,Loyal Customers
12839,2,14,5591.42,5,5,5,Champions
16767,30,11,5580.6,4,5,5,Loyal Customers
16161,1,19,5575.56,5,5,5,Champions
12539,21,4,5568.35,4,4,5,Loyal Customers
15805,22,17,5528.4800000000005,4,5,5,Loyal Customers
18225,2,12,5509.12,5,5,5,Champions
16609,14,7,5493.46,4,5,5,Loyal Customers
16985,16,10,5464.12,4,5,5,Loyal Customers
16265,8,9,5447.0,5,5,5,Champions
18198,3,17,5425.56,5,5,5,Champions
12490,4,10,5417.93,5,5,5,Champions
17809,15,12,5411.91,4,5,5,Loyal Customers
16701,8,13,5398.3,5,5,5,Champions
17719,37,15,5396.04,3,5,5,Need Attention
17850,371,34,5391.21,1,5,5,Cannot Lose Them
16303,25,3,5360.63,4,4,5,Loyal Customers
13269,0,15,5346.2300000000005,5,5,5,Champions
15150,16,10,5314.47,4,5,5,Loyal Customers
17730,2,13,5298.4800000000005,5,5,5,Champions
17061,73,11,5232.2300000000005,2,5,5,At Risk
18226,43,11,5228.05,3,5,5,Need Attention
12362,2,10,5226.23,5,5,5,Champions
15046,8,15,5213.7699999999995,5,5,5,Champions
16258,44,5,5203.51,3,4,5,Need Attention
13756,1,14,5189.52,5,5,5,Champions
16191,2,13,5180.52,5,5,5,Champions
15727,16,7,5178.96,4,5,5,Loyal Customers
17858,5,12,5155.66,5,5,5,Champions
13599,0,21,5153.67,5,5,5,Champions
15903,9,7,5126.76,5,5,5,Champions
13941,21,5,5112.96,4,4,5,Loyal Customers
17602,1,6,5102.97,5,5,5,Champions
16700,8,13,5076.55,5,5,5,Champions
14562,3,18,5074.77,5,5,5,Champions
15301,50,12,5070.35,3,5,5,Need Attention
13139,15,7,5064.94,4,5,5,Loyal Customers
12432,42,5,5059.32,3,4,5,Need Attention
15719,32,13,5045.61,4,5,5,Loyal Customers
17426,7,6,5037.26,5,5,5,Champions
14329,16,7,5014.84,4,5,5,Loyal Customers
14755,9,11,5010.28,5,5,5,Champions
12444,20,5,5005.46,4,4,5,Loyal Customers
15032,255,3,4959.1,1,3,5,At Risk
15547,6,14,4954.84,5,5,5,Champions
12437,1,18,4951.41,5,5,5,Champions
12700,7,4,4939.99,5,4,5,Champions
15786,45,3,4932.2,3,4,5,Need Attention
14709,14,13,4921.04,4,5,5,Loyal Customers
17133,15,7,4892.240000000001,4,5,5,Loyal Customers
12664,7,9,4881.88,5,5,5,Champions
12688,113,1,4873.8099999999995,2,1,5,Hibernating
14292,7,9,4871.93,5,5,5,Champions
17652,24,12,4867.72,4,5,5,Loyal Customers
15738,18,16,4812.42,4,5,5,Loyal Customers
13013,0,13,4810.9400000000005,5,5,5,Champions
15555,11,16,4805.17,5,5,5,Champions
17365,12,8,4801.56,5,5,5,Champions
15298,1,12,4799.9,5,5,5,Champions
15187,1,16,4777.18,5,5,5,Champions
17690,29,15,4757.95,4,5,5,Loyal Customers
12955,0,11,4757.16,5,5,5,Champions
14180,10,25,4748.52,5,5,5,Champions
15152,9,13,4745.69,5,5,5,Champions
16722,16,13,4730.81,4,5,5,Loyal Customers
12714,8,5,4708.86,5,4,5,Champions
14159,19,11,4693.01,4,5,5,Loyal Customers
14135,1,15,4690.31,5,5,5,Champions
14191,1,13,4684.76,5,5,5,Champions
15291,25,15,4668.3,4,5,5,Loyal Customers
14189,1,15,4654.08,5,5,5,Champions
14390,9,9,4652.82,5,5,5,Champions
14286,23,3,4628.75,4,3,5,Potential Loyalists
16931,4,21,4604.22,5,5,5,Champions
13802,138,3,4599.42,2,3,5,At Risk
15093,17,6,4597.02,4,5,5,Loyal Customers
14004,42,7,4582.64,3,5,5,Need Attention
17613,22,14,4559.150000000001,4,5,5,Loyal Customers
17068,11,21,4552.14,5,5,5,Champions
12484,32,6,4541.72,4,4,5,Loyal Customers
13267,2,19,4521.49,5,5,5,Champions
15299,66,7,4507.01,3,5,5,Need Attention
17975,14,13,4488.81,4,5,5,Loyal Customers
12524,8,8,4485.72,5,5,5,Champions
14426,23,10,4481.67,4,5,5,Loyal Customers
16984,87,2,4481.35,2,3,5,At Risk
17364,0,11,4481.18,5,5,5,Champions
12627,10,7,4478.53,5,5,5,Champions
14085,1,18,4448.54,5,5,5,Champions
14534,2,18,4447.05,5,5,5,Champions
13069,0,24,4436.12,5,5,5,Champions
15955,23,14,4416.26,4,5,5,Loyal Customers
16626,0,17,4413.1,5,5,5,Champions
15874,63,7,4405.88,3,5,5,Need Attention
12712,28,13,4396.13,4,5,5,Loyal Customers
13505,72,4,4393.63,2,4,5,At Risk
12752,80,1,4366.78,2,1,5,Hibernating
16945,21,19,4345.5,4,5,5,Loyal Customers
14016,161,4,4341.21,2,4,5,At Risk
14800,47,12,4339.74,3,5,5,Need Attention
14525,19,9,4332.2,4,5,5,Loyal Customers
17567,6,8,4331.48,5,5,5,Champions
18251,86,1,4314.72,2,2,5,Hibernating
12347,1,7,4310.0,5,5,5,Champions
15034,15,8,4308.61,4,5,5,Loyal Customers
17937,8,7,4301.22,5,5,5,Champions
14422,0,6,4263.64,5,5,5,Champions
12500,22,11,4257.82,4,5,5,Loyal Customers
17419,10,12,4226.57,5,5,5,Champions
14277,14,3,4216.2,4,3,5,Potential Loyalists
15804,0,13,4206.39,5,5,5,Champions
17920,3,17,4204.1,5,5,5,Champions
15971,17,12,4199.85,4,5,5,Loyal Customers
12747,1,11,4196.01,5,5,5,Champions
14146,8,5,4191.0,5,4,5,Champions
18041,11,21,4183.39,5,5,5,Champions
12949,30,8,4167.22,4,5,5,Loyal Customers
15570,6,12,4165.52,5,5,5,Champions
16549,9,10,4154.64,5,5,5,Champions
13384,30,7,4151.93,4,5,5,Loyal Customers
13555,73,4,4149.28,2,4,5,At Risk
13988,19,6,4147.96,4,5,5,Loyal Customers
15514,11,11,4139.46,5,5,5,Champions
12569,1,32,4124.69,5,5,5,Champions
16592,3,16,4113.68,5,5,5,Champions
17940,48,10,4106.4400000000005,3,5,5,Need Attention
17377,23,20,4100.92,4,5,5,Loyal Customers
16401,0,12,4098.32,5,5,5,Champions
16670,16,11,4095.9,4,5,5,Loyal Customers
12749,3,5,4090.88,5,4,5,Champions
14092,7,14,4076.91,5,5,5,Champions
12449,21,4,4067.29,4,4,5,Loyal Customers
18087,97,2,4055.7199999999993,2,3,5,At Risk
14401,3,13,4051.48,5,5,5,Champions
12656,16,5,4051.17,4,4,5,Loyal Customers
12867,25,7,4036.82,4,5,5,Loyal Customers
13815,21,4,4027.36,4,4,5,Loyal Customers
12841,4,25,4022.35,5,5,5,Champions
12957,9,8,4017.54,5,5,5,Champions
12378,129,1,4008.62,2,1,5,Hibernating
14547,3,8,4007.54,5,5,5,Champions
16186,22,12,4006.94,4,5,5,Loyal Customers
17769,12,10,3997.98,5,5,5,Champions
15529,22,11,3995.23,4,5,5,Loyal Customers
17001,0,11,3989.57,5,5,5,Champions
15416,64,4,3984.32,3,4,5,Need Attention
17611,6,15,3984.22,5,5,5,Champions
12779,37,8,3981.36,3,5,5,Need Attention
12727,10,7,3980.7,5,5,5,Champions
14299,7,9,3965.62,5,5,5,Champions
13523,32,5,3964.88,4,4,5,Loyal Customers
13183,7,9,3957.78,5,5,5,Champions
17651,11,10,3945.0,5,5,5,Champions
12473,28,5,3938.5499999999997,4,4,5,Loyal Customers
17593,3,5,3927.34,5,4,5,Champions
14739,3,7,3902.28,5,5,5,Champions
13999,9,12,3901.81,5,5,5,Champions
14291,1,11,3883.25,5,5,5,Champions
18073,113,12,3877.5200000000004,2,5,5,At Risk
13124,89,3,3866.33,2,3,5,At Risk
15195,2,1,3861.0,5,1,5,New Customers
16717,23,6,3858.38,4,5,5,Loyal Customers
12662,0,11,3849.78,5,5,5,Champions
16327,13,6,3844.22,4,5,5,Loyal Customers
13266,10,12,3834.2599999999998,5,5,5,Champions
17091,2,9,3827.76,5,5,5,Champions
15867,4,15,3812.64,5,5,5,Champions
12755,280,2,3811.95,1,2,5,Hibernating
12597,18,4,3811.22,4,4,5,Loyal Customers
13435,4,7,3809.8900000000003,5,5,5,Champions
12668,11,4,3807.15,5,4,5,Champions
16145,8,11,3799.4900000000002,5,5,5,Champions
16655,17,6,3794.52,4,5,5,Loyal Customers
16168,10,27,3787.6,5,5,5,Champions
16019,46,9,3786.2400000000002,3,5,5,Need Attention
12562,7,7,3781.7400000000002,5,5,5,Champions
17173,4,8,3766.6,5,5,5,Champions
16904,3,16,3754.27,5,5,5,Champions
12429,8,4,3750.4,5,4,5,Champions
17238,2,17,3744.65,5,5,5,Champions
14145,46,4,3742.2,3,4,5,Need Attention
13552,65,12,3740.07,3,5,5,Need Attention
16570,14,10,3738.4,4,5,5,Loyal Customers
15808,305,4,3734.9700000000003,1,4,5,Cannot Lose Them
14282,2,15,3729.34,5,5,5,Champions
12502,95,5,3723.87,2,4,5,At Risk
12647,21,12,3722.82,4,5,5,Loyal Customers
13680,0,4,3722.42,5,4,5,Champions
16240,23,2,3718.8,4,3,5,Potential Loyalists
14364,108,8,3717.35,2,5,5,At Risk
15845,17,8,3711.77,4,5,5,Loyal Customers
15622,42,9,3709.56,3,5,5,Need Attention
13148,28,12,3707.12,4,5,5,Loyal Customers
17819,71,7,3704.87,3,5,5,Need Attention
15379,168,7,3703.29,2,5,5,At Risk
12553,7,10,3692.28,5,5,5,Champions
16253,66,2,3683.86,3,3,5,Need Attention
15581,120,13,3679.9700000000003,2,5,5,At Risk
15296,50,6,3672.86,3,5,5,Need Attention
18079,44,4,3651.97,3,4,5,Need Attention
13137,10,8,3650.41,5,5,5,Champions
12417,2,9,3649.1,5,5,5,Champions
16712,8,11,3645.43,5,5,5,Champions
13426,0,10,3641.32,5,5,5,Champions
12619,15,9,3641.24,4,5,5,Loyal Customers
16440,7,5,3640.67,5,4,5,Champions
13381,31,6,3639.31,4,5,5,Loyal Customers
17230,263,8,3638.41,1,5,5,Cannot Lose Them
14543,28,16,3630.33,4,5,5,Loyal Customers
17528,0,8,3628.5,5,5,5,Champions
13327,38,8,3627.77,3,5,5,Need Attention
13520,58,6,3624.35,3,5,5,Need Attention
17576,7,19,3622.68,5,5,5,Champions
14040,40,12,3614.92,3,5,5,Need Attention
13082,125,9,3613.63,2,5,5,At Risk
15505,52,5,3610.96,3,4,5,Need Attention
15113,9,3,3609.33,5,3,5,Potential Loyalists
16242,7,7,3603.21,5,5,5,Champions
15484,0,4,3594.31,5,4,5,Champions
14132,1,11,3586.0299999999997,5,5,5,Champions
17203,35,6,3563.85,3,5,5,Need Attention
17491,0,10,3558.87,5,5,5,Champions
15544,8,9,3546.71,5,5,5,Champions
12370,50,4,3545.69,3,4,5,Need Attention
14503,2,6,3543.26,5,5,5,Champions
13448,16,6,3539.37,4,5,5,Loyal Customers
13334,81,3,3536.82,2,3,5,At Risk
12454,55,1,3528.34,3,1,5,Need Attention
17160,30,6,3518.03,4,5,5,Loyal Customers
13953,6,7,3515.68,5,5,5,Champions
16360,4,6,3512.53,5,5,5,Champions
14395,1,9,3507.71,5,5,5,Champions
16131,51,6,3506.54,3,5,5,Need Attention
14907,2,7,3501.1,5,5,5,Champions
16458,2,18,3482.7400000000002,5,5,5,Champions
13993,42,9,3466.36,3,5,5,Need Attention
13014,10,10,3466.2799999999997,5,5,5,Champions
17758,18,8,3456.7000000000003,4,5,5,Loyal Customers
15410,83,8,3450.84,2,5,5,At Risk
13536,0,7,3448.29,5,5,5,Champions
15129,49,11,3447.4,3,5,5,Need Attention
15974,38,7,3442.15,3,5,5,Need Attention
17725,15,11,3439.08,4,5,5,Loyal Customers
15676,18,3,3435.76,4,3,5,Potential Loyalists
14221,41,9,3432.8,3,5,5,Need Attention
12406,21,2,3415.3,4,2,5,Potential Loyalists
15981,24,8,3408.48,4,5,5,Loyal Customers
13437,13,7,3408.06,4,5,5,Loyal Customers
17669,42,7,3406.7200000000003,3,5,5,Need Attention
13198,9,6,3401.2400000000002,5,5,5,Champions
15228,65,4,3386.71,3,4,5,Need Attention
13842,58,9,3385.62,3,5,5,Need Attention
15708,40,7,3364.2400000000002,3,5,5,Need Attention
16011,7,16,3362.71,5,5,5,Champions
14227,25,10,3350.96,4,5,5,Loyal Customers
16818,10,11,3349.57,5,5,5,Champions
16607,17,14,3347.71,4,5,5,Loyal Customers
17183,7,6,3347.31,5,5,5,Champions
13015,52,5,3346.28,3,4,5,Need Attention
12643,127,6,3344.64,2,5,5,At Risk
12613,56,5,3344.38,3,4,5,Need Attention
12594,37,10,3338.2200000000003,3,5,5,Need Attention
16556,66,7,3313.79,3,5,5,Need Attention
13373,60,3,3312.25,3,3,5,Need Attention
14841,52,6,3295.76,3,5,5,Need Attention
14702,0,17,3292.14,5,5,5,Champions
15632,15,8,3285.31,4,5,5,Loyal Customers
12480,27,4,3281.63,4,4,5,Loyal Customers
15764,87,6,3279.97,2,5,5,At Risk
17723,126,6,3276.4000000000005,2,5,5,At Risk
13952,217,2,3251.071,1,2,5,Hibernating
13047,31,10,3237.54,4,5,5,Loyal Customers
15443,1,7,3236.91,5,5,5,Champions
17050,95,6,3228.84,2,5,5,At Risk
14175,59,3,3222.3,3,3,5,Need Attention
13880,20,13,3219.77,4,5,5,Loyal Customers
13268,17,11,3214.69,4,5,5,Loyal Customers
14388,9,8,3212.84,5,5,5,Champions
16107,17,7,3204.1600000000003,4,5,5,Loyal Customers
17220,23,14,3198.25,4,5,5,Loyal Customers
13868,6,2,3192.54,5,2,5,Potential Loyalists
17685,16,7,3191.53,4,5,5,Loyal Customers
13758,11,7,3190.55,5,5,5,Champions
14844,63,4,3189.81,3,4,5,Need Attention
12456,43,3,3181.04,3,3,5,Need Attention
17672,49,2,3178.17,3,3,5,Need Attention
17231,11,10,3174.32,5,5,5,Champions
16837,30,11,3170.98,4,5,5,Loyal Customers
16041,30,3,3166.4,4,4,5,Loyal Customers
15861,11,8,3165.36,5,5,5,Champions
17863,58,6,3160.0,3,5,5,Need Attention
15065,37,4,3158.13,3,4,5,Need Attention
14235,74,5,3144.86,2,4,5,At Risk
13742,16,12,3131.02,4,5,5,Loyal Customers
16156,8,9,3122.04,5,5,5,Champions
13685,2,7,3119.44,5,5,5,Champions
16326,5,14,3110.96,5,5,5,Champions
16678,2,12,3109.99,5,5,5,Champions
13869,122,4,3104.95,2,4,5,At Risk
14099,15,11,3104.17,4,5,5,Loyal Customers
16905,4,7,3102.43,5,5,5,Champions
15491,94,6,3100.09,2,5,5,At Risk
14257,63,5,3099.7200000000003,3,4,5,Need Attention
14565,95,4,3099.12,2,4,5,At Risk
13135,196,1,3096.0,1,1,5,Hibernating
17059,29,5,3095.04,4,4,5,Loyal Customers
13362,8,4,3090.7400000000002,5,4,5,Champions
15998,36,5,3089.97,3,4,5,Need Attention
16218,29,7,3084.68,4,5,5,Loyal Customers
18272,2,6,3078.58,5,5,5,Champions
12910,22,8,3075.04,4,5,5,Loyal Customers
13631,99,11,3070.42,2,5,5,At Risk
16686,46,7,3062.83,3,5,5,Need Attention
14456,4,9,3062.4,5,5,5,Champions
17799,21,10,3055.93,4,5,5,Loyal Customers
16940,51,3,3049.88,3,4,5,Need Attention
16393,1,13,3046.21,5,5,5,Champions
16709,84,5,3029.87,2,4,5,At Risk
12598,9,8,3023.08,5,5,5,Champions
12395,18,12,3018.63,4,5,5,Loyal Customers
18094,81,7,3017.3,2,5,5,At Risk
12754,235,3,3010.74,1,3,5,At Risk
12916,138,4,3006.15,2,4,5,At Risk
15521,39,8,3000.2,3,5,5,Need Attention
17659,16,12,2999.46,4,5,5,Loyal Customers
17504,205,9,2997.0299999999997,1,5,5,Cannot Lose Them
12670,9,5,2996.05,5,4,5,Champions
14307,88,6,2995.72,2,5,5,At Risk
15687,8,9,2993.1,5,5,5,Champions
14639,51,6,2984.49,3,5,5,Need Attention
13451,25,5,2976.15,4,4,5,Loyal Customers
14032,1,11,2975.59,5,5,5,Champions
15854,3,12,2974.65,5,5,5,Champions
16497,49,6,2965.69,3,5,5,Need Attention
17924,11,7,2962.5,5,5,5,Champions
14868,2,8,2953.59,5,5,5,Champions
17084,34,2,2949.75,3,3,5,Need Attention
17444,147,3,2940.04,2,4,5,At Risk
16316,63,8,2938.91,3,5,5,Need Attention
14530,25,6,2925.91,4,5,5,Loyal Customers
17512,28,10,2924.9900000000002,4,5,5,Loyal Customers
15606,60,9,2920.16,3,5,5,Need Attention
12906,11,5,2919.81,5,4,5,Champions
14112,22,7,2915.15,4,5,5,Loyal Customers
12438,13,2,2906.85,4,2,5,Potential Loyalists
17644,0,11,2895.64,5,5,5,Champions
18144,7,12,2888.75,5,5,5,Champions
12408,32,5,2888.55,4,4,5,Loyal Customers
13735,24,4,2885.2400000000002,4,4,5,Loyal Customers
16633,16,6,2883.1,4,5,5,Loyal Customers
15673,87,4,2881.02,2,4,5,At Risk
14251,1,5,2879.7000000000003,5,4,5,Champions
17728,3,3,2876.01,5,4,5,Champions
14005,9,5,2874.72,5,4,5,Champions
15628,4,9,2870.2400000000002,5,5,5,Champions
14711,9,11,2868.8,5,5,5,Champions
13901,71,5,2867.2,3,4,5,Need Attention
14535,59,3,2864.19,3,3,5,Need Attention
12685,27,6,2863.08,4,5,5,Loyal Customers
18145,12,4,2861.55,5,4,5,Champions
16928,79,17,2847.6,2,5,5,At Risk
15984,2,10,2837.67,5,5,5,Champions
14852,57,6,2836.69,3,5,5,Need Attention
14572,2,7,2832.84,5,5,5,Champions
17596,22,7,2827.93,4,5,5,Loyal Customers
14842,43,4,2824.69,3,4,5,Need Attention
13174,15,3,2817.03,4,3,5,Potential Loyalists
16871,21,6,2812.34,4,5,5,Loyal Customers
12356,22,3,2811.43,4,3,5,Potential Loyalists
14903,20,5,2810.63,4,4,5,Loyal Customers
18230,8,7,2810.2000000000003,5,5,5,Champions
13230,3,14,2806.97,5,5,5,Champions
16081,55,5,2806.9,3,4,5,Need Attention
16764,3,13,2799.25,5,5,5,Champions
15993,8,7,2797.57,5,5,5,Champions
13769,1,10,2796.51,5,5,5,Champions
12578,20,2,2794.51,4,2,5,Potential Loyalists
12758,116,2,2791.59,2,2,5,Hibernating
17739,11,7,2791.35,5,5,5,Champions
14626,23,4,2791.27,4,4,5,Loyal Customers
17213,39,7,2781.23,3,5,5,Need Attention
12388,15,6,2780.66,4,4,5,Loyal Customers
14121,3,4,2780.15,5,4,5,Champions
17838,26,5,2779.3,4,4,5,Loyal Customers
13870,1,8,2770.94,5,5,5,Champions
15356,30,10,2766.5,4,5,5,Loyal Customers
15114,29,10,2760.56,4,5,5,Loyal Customers
14854,77,7,2759.83,2,5,5,At Risk
13971,18,8,2758.26,4,5,5,Loyal Customers
15321,70,3,2748.31,3,3,5,Need Attention
12669,150,3,2744.0299999999997,2,3,5,At Risk
14808,39,8,2741.17,3,5,5,Need Attention
14125,10,3,2740.43,5,3,5,Potential Loyalists
15696,32,8,2736.46,4,5,5,Loyal Customers
16938,8,4,2736.38,5,4,5,Champions
16003,29,5,2735.37,4,4,5,Loyal Customers
12840,143,4,2726.77,2,4,5,At Risk
12380,21,4,2724.81,4,4,5,Loyal Customers
12708,29,10,2712.91,4,5,5,Loyal Customers
15796,0,8,2711.56,5,5,5,Champions
17069,27,9,2709.7000000000003,4,5,5,Loyal Customers
13285,22,4,2709.12,4,4,5,Loyal Customers
13654,42,6,2707.33,3,5,5,Need Attention
14107,51,7,2703.23,3,5,5,Need Attention
14732,7,8,2702.4900000000002,5,5,5,Champions
18097,7,6,2697.8,5,5,5,Champions
17386,7,6,2686.42,5,5,5,Champions
12625,211,2,2683.82,1,2,5,Hibernating
17346,3,15,2676.56,5,5,5,Champions
13883,10,5,2674.48,5,4,5,Champions
14713,8,11,2666.36,5,5,5,Champions
12360,51,3,2662.06,3,3,5,Need Attention
14439,319,1,2661.24,1,1,5,Hibernating
15671,18,7,2657.13,4,5,5,Loyal Customers
12721,31,6,2656.13,4,5,5,Loyal Customers
13851,95,3,2651.46,2,3,5,At Risk
16618,30,5,2647.59,4,4,5,Loyal Customers
18260,172,6,2643.2000000000003,2,5,5,At Risk
13658,9,5,2639.17,5,4,5,Champions
17655,10,7,2638.94,5,5,5,Champions
15752,39,7,2637.38,3,5,5,Need Attention
13804,30,7,2635.79,4,5,5,Loyal Customers
13771,63,4,2634.45,3,4,5,Need Attention
12520,78,5,2634.26,2,4,5,At Risk
17402,4,13,2633.85,5,5,5,Champions
18077,7,11,2633.0099999999998,5,5,5,Champions
13422,63,1,2626.3,3,1,5,Need Attention
13644,15,4,2624.26,4,4,5,Loyal Customers
17965,37,14,2622.57,3,5,5,Need Attention
18210,1,6,2621.38,5,5,5,Champions
16255,16,8,2619.91,4,5,5,Loyal Customers
14262,7,8,2618.23,5,5,5,Champions
13021,3,9,2616.38,5,5,5,Champions
15782,9,3,2614.7400000000002,5,4,5,Champions
14397,2,19,2612.96,5,5,5,Champions
12836,58,4,2612.86,3,4,5,Need Attention
18075,22,10,2611.75,4,5,5,Loyal Customers
12726,27,7,2609.1,4,5,5,Loyal Customers
16241,9,13,2607.87,5,5,5,Champions
13136,55,5,2607.61,3,4,5,Need Attention
14408,10,7,2606.53,5,5,5,Champions
13983,29,12,2603.43,4,5,5,Loyal Customers
17317,45,3,2600.34,3,4,5,Need Attention
12600,28,10,2599.04,4,5,5,Loyal Customers
16919,155,11,2596.45,2,5,5,At Risk
13895,27,4,2593.07,4,4,5,Loyal Customers
14243,8,10,2588.77,5,5,5,Champions
15033,4,10,2586.67,5,5,5,Champions
13911,56,9,2580.91,3,5,5,Need Attention
14546,4,5,2578.09,5,4,5,Champions
16912,28,11,2575.38,4,5,5,Loyal Customers
15485,29,3,2575.0,4,3,5,Potential Loyalists
18245,6,7,2567.06,5,5,5,Champions
16308,37,4,2560.0,3,4,5,Need Attention
15572,4,7,2552.86,5,5,5,Champions
14334,16,8,2552.21,4,5,5,Loyal Customers
14701,10,9,2549.37,5,5,5,Champions
14676,30,6,2548.2400000000002,4,5,5,Loyal Customers
13344,67,3,2543.72,3,3,5,Need Attention
14776,50,11,2538.3,3,5,5,Need Attention
17700,16,4,2534.64,4,4,5,Loyal Customers
13471,0,4,2531.58,5,4,5,Champions
14659,8,9,2529.93,5,5,5,Champions
17314,24,8,2527.92,4,5,5,Loyal Customers
13975,30,6,2526.28,4,5,5,Loyal Customers
17449,1,7,2520.86,5,5,5,Champions
13394,1,8,2520.02,5,5,5,Champions
15245,133,3,2515.84,2,3,5,At Risk
15271,6,15,2507.07,5,5,5,Champions
12352,35,8,2506.04,3,5,5,Need Attention
13695,30,15,2504.13,4,5,5,Loyal Customers
12517,27,5,2502.84,4,4,5,Loyal Customers
15932,3,8,2495.87,5,5,5,Champions
16477,63,7,2494.46,3,5,5,Need Attention
12483,16,8,2484.98,4,5,5,Loyal Customers
12913,4,5,2483.63,5,4,5,Champions
16710,18,10,2483.04,4,5,5,Loyal Customers
14315,44,6,2481.13,3,5,5,Need Attention
13507,2,4,2479.16,5,4,5,Champions
13588,15,9,2478.95,4,5,5,Loyal Customers
17682,9,6,2474.33,5,5,5,Champions
17188,10,7,2474.23,5,5,5,Champions
14766,7,6,2473.37,5,5,5,Champions
14502,19,11,2470.67,4,5,5,Loyal Customers
17164,32,7,2467.35,4,5,5,Loyal Customers
12455,72,6,2466.86,2,4,5,At Risk
15750,2,8,2465.48,5,5,5,Champions
17131,4,5,2463.17,5,4,5,Champions
13784,9,11,2462.79,5,5,5,Champions
15674,72,5,2446.6,2,4,5,At Risk
14163,86,4,2445.91,2,4,5,At Risk
15527,18,8,2429.78,4,5,5,Loyal Customers
17071,27,9,2429.03,4,5,5,Loyal Customers
13949,2,6,2427.32,5,5,5,Champions
16143,2,6,2424.94,5,5,5,Champions
17722,95,4,2424.04,2,4,5,At Risk
15089,9,6,2420.84,5,5,5,Champions
15373,7,12,2415.91,5,5,5,Champions
12397,35,2,2409.9,3,2,5,Need Attention
17589,59,4,2404.17,3,4,5,Need Attention
15980,88,3,2398.86,2,4,5,At Risk
18065,5,14,2392.83,5,5,5,Champions
13141,84,5,2388.75,2,4,5,At Risk
15370,40,7,2386.05,3,5,5,Need Attention
17530,0,10,2385.0,5,5,5,Champions
14493,6,5,2383.2400000000002,5,4,5,Champions
14554,9,4,2381.04,5,4,5,Champions
14239,42,11,2380.85,3,5,5,Need Attention
15270,15,7,2379.49,4,5,5,Loyal Customers
13722,131,3,2375.41,2,3,5,At Risk
17434,1,7,2373.82,5,5,5,Champions
14930,108,3,2372.86,2,3,5,At Risk
13908,79,4,2369.55,2,4,5,At Risk
15755,9,6,2364.25,5,5,5,Champions
12457,65,7,2363.23,3,5,5,Need Attention
17634,35,9,2361.9700000000003,3,5,5,Need Attention
14030,17,8,2360.09,4,5,5,Loyal Customers
14440,7,5,2357.6800000000003,5,4,5,Champions
15140,51,7,2354.25,3,5,5,Need Attention
14309,7,9,2352.53,5,5,5,Champions
12704,6,8,2340.84,5,5,5,Champions
18259,24,3,2338.6000000000004,4,4,5,Loyal Customers
12584,3,9,2338.15,5,5,5,Champions
18257,38,8,2337.63,3,5,5,Need Attention
17954,4,12,2332.72,5,5,5,Champions
15281,58,9,2332.15,3,5,5,Need Attention
12782,4,5,2330.92,5,4,5,Champions
15785,32,5,2328.9700000000003,4,4,5,Loyal Customers
17313,30,1,2328.84,4,2,5,Potential Loyalists
17744,3,6,2322.4,5,5,5,Champions
17211,26,8,2317.2200000000003,4,5,5,Loyal Customers
14290,10,5,2314.65,5,4,5,Champions
15365,25,7,2314.32,4,5,5,Loyal Customers
13994,3,6,2313.14,5,5,5,Champions
13704,4,9,2308.06,5,5,5,Champions
15288,42,5,2306.52,3,4,5,Need Attention
16735,78,5,2300.56,2,4,5,At Risk
16550,108,5,2298.97,2,4,5,At Risk
15105,17,7,2298.93,4,5,5,Loyal Customers
13115,11,4,2294.78,5,4,5,Champions
15704,139,4,2293.62,2,4,5,At Risk
12615,1,4,2291.19,5,4,5,Champions
13527,33,7,2287.51,3,5,5,Need Attention
17696,37,8,2285.71,3,5,5,Need Attention
12684,7,7,2283.63,5,5,5,Champions
16782,9,13,2279.9,5,5,5,Champions
13317,65,6,2273.68,3,5,5,Need Attention
17768,7,3,2273.1800000000003,5,4,5,Champions
14466,28,7,2272.4,4,5,5,Loyal Customers
13700,25,10,2265.12,4,5,5,Loyal Customers
16057,15,7,2263.12,4,5,5,Loyal Customers
16209,88,5,2262.62,2,4,5,At Risk
14432,9,6,2255.51,5,5,5,Champions
16293,21,10,2248.9900000000002,4,5,5,Loyal Customers
17442,36,6,2248.56,3,5,5,Need Attention
15235,217,12,2247.51,1,5,5,Cannot Lose Them
16771,32,5,2246.81,4,4,5,Loyal Customers
15665,167,2,2242.01,2,3,5,At Risk
14211,52,9,2241.1,3,5,5,Need Attention
16743,28,7,2238.09,4,5,5,Loyal Customers
14560,6,22,2237.77,5,5,5,Champions
14700,31,3,2235.3,4,3,5,Potential Loyalists
16076,2,10,2234.73,5,5,5,Champions
15834,69,4,2233.75,3,4,5,Need Attention
18242,71,4,2232.4900000000002,3,4,5,Need Attention
14226,28,5,2232.19,4,4,5,Loyal Customers
14825,3,12,2226.91,5,5,5,Champions
17591,72,7,2225.9700000000003,2,5,5,At Risk
12783,1,6,2225.91,5,5,5,Champions
13365,33,2,2225.37,3,2,5,Need Attention
15722,35,5,2222.56,3,4,5,Need Attention
15811,21,6,2218.62,4,5,5,Loyal Customers
12876,57,2,2218.02,3,2,5,Need Attention
12653,148,2,2209.85,2,2,5,Hibernating
13862,17,8,2209.36,4,5,5,Loyal Customers
15797,112,4,2207.4,2,4,5,At Risk
15179,17,5,2206.95,4,4,5,Loyal Customers
13831,15,6,2202.99,4,5,5,Loyal Customers
17406,332,3,2200.42,1,4,5,Cannot Lose Them
15123,6,2,2199.31,5,3,5,Potential Loyalists
16628,29,5,2188.05,4,4,5,Loyal Customers
15394,9,4,2183.54,5,4,5,Champions
14341,44,8,2182.28,3,5,5,Need Attention
12856,7,6,2179.93,5,5,5,Champions
12909,39,5,2178.67,3,4,5,Need Attention
12501,336,1,2169.39,1,1,5,Hibernating
12633,58,4,2163.98,3,4,5,Need Attention
13755,3,9,2161.35,5,5,5,Champions
12935,1,7,2160.7,5,5,5,Champions
16456,98,5,2158.37,2,4,5,At Risk
14407,106,6,2157.73,2,5,5,At Risk
16379,3,4,2157.4,5,4,5,Champions
13224,59,2,2155.95,3,2,5,Need Attention
16966,7,7,2154.97,5,5,5,Champions
17272,41,4,2148.63,3,4,5,Need Attention
14828,196,3,2139.76,1,3,5,At Risk
12560,4,3,2134.01,5,3,5,Potential Loyalists
17400,125,5,2129.96,2,4,5,At Risk
13517,59,3,2128.42,3,3,5,Need Attention
14360,31,4,2128.23,4,4,5,Loyal Customers
16407,12,10,2126.93,5,5,5,Champions
14640,23,6,2125.08,4,5,5,Loyal Customers
15058,24,11,2124.9900000000002,4,5,5,Loyal Customers
13632,24,5,2121.27,4,4,5,Loyal Customers
18061,21,10,2119.41,4,5,5,Loyal Customers
18008,69,9,2116.19,3,5,5,Need Attention
14691,30,5,2114.33,4,4,5,Loyal Customers
13265,52,5,2107.66,3,4,5,Need Attention
18173,86,4,2106.84,2,4,5,At Risk
18093,92,4,2106.52,2,4,5,At Risk
14461,147,3,2103.06,2,3,5,At Risk
14515,17,6,2102.09,4,5,5,Loyal Customers
17861,2,8,2100.8,5,5,5,Champions
15815,63,5,2100.6,3,4,5,Need Attention
13126,4,8,2099.64,5,5,5,Champions
12610,22,5,2099.54,4,4,5,Loyal Customers
16875,66,5,2095.53,3,4,5,Need Attention
17191,27,7,2095.13,4,5,5,Loyal Customers
18283,3,16,2094.88,5,5,5,Champions
14306,50,2,2093.32,3,3,5,Need Attention
13571,12,12,2092.32,5,5,5,Champions
17490,0,7,2092.32,5,5,5,Champions
13297,7,4,2089.85,5,4,5,Champions
18044,3,10,2088.6,5,5,5,Champions
14810,40,11,2087.88,3,5,5,Need Attention
16954,0,9,2085.08,5,5,5,Champions
18231,191,5,2083.27,1,4,5,Cannot Lose Them
14696,3,7,2078.95,5,5,5,Champions
14209,10,6,2073.43,5,5,5,Champions
18241,9,17,2073.09,5,5,5,Champions
18219,2,10,2069.77,5,5,5,Champions
14482,17,6,2068.15,4,5,5,Loyal Customers
12948,15,7,2064.95,4,5,5,Loyal Customers
12928,34,5,2062.7000000000003,3,4,5,Need Attention
16281,71,1,2062.06,3,2,5,Need Attention
14409,70,6,2059.4500000000003,3,5,5,Need Attention
12518,0,5,2056.89,5,4,4,Champions
17667,65,5,2055.51,3,4,4,Need Attention
14188,30,6,2054.36,4,5,4,Loyal Customers
16150,42,5,2053.02,3,4,4,Need Attention
17086,6,6,2050.08,5,5,4,Champions
17612,52,6,2048.45,3,5,4,Need Attention
14232,42,5,2048.07,3,4,4,Need Attention
17625,17,4,2047.0,4,4,4,Loyal Customers
13495,7,5,2044.8700000000001,5,4,4,Champions
17597,213,1,2044.3700000000001,1,2,4,Hibernating
17090,3,7,2043.95,5,5,4,Champions
13450,26,6,2043.7199999999998,4,5,4,Loyal Customers
14001,45,3,2043.0800000000002,3,3,4,Need Attention
12585,233,2,2040.1,1,2,4,Hibernating
13593,107,5,2037.0800000000002,2,4,4,At Risk
18069,25,5,2036.67,4,4,4,Loyal Customers
17846,84,1,2033.1,2,2,4,Hibernating
13630,4,7,2031.78,5,5,4,Champions
16409,35,5,2028.88,3,4,4,Need Attention
17337,150,4,2027.8700000000001,2,4,4,At Risk
16358,0,4,2027.5,5,4,4,Champions
14544,23,2,2024.45,4,3,4,Potential Loyalists
15341,80,1,2020.52,2,1,4,Hibernating
14506,16,5,2012.17,4,4,4,Loyal Customers
15531,7,2,2007.44,5,3,4,Potential Loyalists
15372,136,1,2007.3999999999999,2,1,4,Hibernating
16098,87,7,2005.63,2,5,4,At Risk
14730,0,8,2005.06,5,5,4,Champions
14217,1,17,2004.98,5,5,4,Champions
14462,65,11,2004.02,3,5,4,Need Attention
17082,32,2,2003.85,4,3,4,Potential Loyalists
16754,371,1,2002.4,1,2,4,Hibernating
15493,32,5,2001.8,4,4,4,Loyal Customers
18188,14,3,2001.04,4,4,4,Loyal Customers
13305,3,10,2000.86,5,5,4,Champions
16698,226,2,1998.0,1,3,4,At Risk
17827,4,5,1995.46,5,4,4,Champions
18204,70,3,1993.7,3,4,4,Need Attention
17679,52,2,1992.1100000000001,3,3,4,Need Attention
17088,27,4,1991.01,4,4,4,Loyal Customers
13246,17,6,1987.3,4,5,4,Loyal Customers
13590,10,6,1981.92,5,5,4,Champions
13725,49,8,1980.56,3,5,4,Need Attention
17422,15,6,1979.37,4,5,4,Loyal Customers
16341,24,4,1971.87,4,4,4,Loyal Customers
17997,73,8,1970.6699999999998,2,5,4,At Risk
12674,38,4,1970.6,3,4,4,Need Attention
17790,26,14,1965.55,4,5,4,Loyal Customers
17218,3,10,1960.72,5,5,4,Champions
15351,11,7,1960.1100000000001,5,5,4,Champions
14498,42,5,1957.32,3,4,4,Need Attention
12853,134,6,1957.1000000000001,2,5,4,At Risk
17554,0,5,1952.45,5,4,4,Champions
14533,24,7,1949.72,4,5,4,Loyal Customers
14653,0,7,1947.55,5,5,4,Champions
15814,16,4,1945.33,4,4,4,Loyal Customers
15518,63,8,1942.45,3,5,4,Need Attention
14418,3,3,1937.25,5,3,4,Potential Loyalists
14472,103,8,1936.84,2,5,4,At Risk
15864,21,6,1936.3200000000002,4,5,4,Loyal Customers
15157,3,3,1936.07,5,3,4,Potential Loyalists
12528,8,6,1933.48,5,5,4,Champions
14655,7,4,1932.23,5,4,4,Champions
14978,71,5,1931.42,3,4,4,Need Attention
16983,12,7,1931.25,5,5,4,Champions
13094,20,12,1927.3200000000002,4,5,4,Loyal Customers
16942,12,9,1920.59,5,5,4,Champions
15021,8,9,1914.82,5,5,4,Champions
17368,22,8,1912.67,4,5,4,Loyal Customers
14285,20,4,1910.01,4,4,4,Loyal Customers
16426,1,10,1908.25,5,5,4,Champions
17228,15,8,1906.09,4,5,4,Loyal Customers
14210,105,6,1905.8400000000001,2,5,4,At Risk
15819,48,4,1905.45,3,4,4,Need Attention
14250,6,3,1904.05,5,3,4,Potential Loyalists
12762,7,2,1898.52,5,2,4,Potential Loyalists
17463,15,5,1896.41,4,4,4,Loyal Customers
17870,1,12,1894.35,5,5,4,Champions
14934,81,2,1890.94,2,3,4,At Risk
12371,44,2,1887.96,3,2,4,Need Attention
15641,104,4,1887.2,2,4,4,At Risk
16170,50,6,1885.05,3,5,4,Need Attention
13890,0,10,1883.8100000000002,5,5,4,Champions
16128,17,5,1880.22,4,4,4,Loyal Customers
17738,18,4,1879.05,4,4,4,Loyal Customers
15367,56,4,1877.59,3,4,4,Need Attention
17293,7,9,1875.1100000000001,5,5,4,Champions
16986,29,2,1873.2,4,3,4,Potential Loyalists
13982,38,4,1871.81,3,4,4,Need Attention
16474,6,7,1871.5,5,5,4,Champions
17469,15,5,1870.97,4,4,4,Loyal Customers
16841,36,6,1869.82,3,5,4,Need Attention
14524,31,9,1867.68,4,5,4,Loyal Customers
17787,152,4,1865.19,2,4,4,At Risk
16201,2,4,1863.47,5,4,4,Champions
14887,78,1,1862.0,2,1,4,Hibernating
12423,0,8,1859.31,5,5,4,Champions
17873,79,5,1859.16,2,4,4,At Risk
14305,70,3,1858.96,3,3,4,Need Attention
12963,7,8,1856.63,5,5,4,Champions
16979,3,6,1852.0,5,5,4,Champions
13421,39,2,1851.08,3,2,4,Need Attention
12383,184,5,1850.56,1,4,4,Cannot Lose Them
12381,4,5,1845.31,5,4,4,Champions
17519,16,6,1844.02,4,5,4,Loyal Customers
18180,4,6,1843.75,5,5,4,Champions
12950,1,3,1843.0,5,3,4,Potential Loyalists
17015,28,3,1842.56,4,4,4,Loyal Customers
16102,41,3,1842.14,3,4,4,Need Attention
16455,63,7,1841.18,3,5,4,Need Attention
14113,3,4,1840.42,5,4,4,Champions
14216,2,4,1839.3,5,4,4,Champions
13924,1,6,1838.8500000000001,5,5,4,Champions
14459,154,1,1837.92,2,1,4,Hibernating
18287,42,3,1837.28,3,4,4,Need Attention
13650,16,6,1836.34,4,5,4,Loyal Customers
15827,72,14,1836.0900000000001,2,5,4,At Risk
13048,13,4,1835.91,4,4,4,Loyal Customers
14665,60,5,1835.7,3,4,4,Need Attention
16152,268,1,1829.04,1,2,4,Hibernating
15203,25,6,1827.8,4,5,4,Loyal Customers
18122,7,6,1826.21,5,5,4,Champions
17702,29,4,1824.37,4,4,4,Loyal Customers
16153,49,5,1824.23,3,4,4,Need Attention
17705,2,9,1823.52,5,5,4,Champions
16169,7,4,1822.97,5,4,4,Champions
17828,22,4,1820.09,4,4,4,Loyal Customers
17629,5,8,1814.12,5,5,4,Champions
15260,99,7,1810.77,2,5,4,At Risk
13481,45,5,1804.56,3,4,4,Need Attention
17663,25,7,1802.91,4,5,4,Loyal Customers
15812,106,5,1801.14,2,4,4,At Risk
16249,52,5,1800.07,3,4,4,Need Attention
13562,81,3,1799.33,2,3,4,At Risk
13196,10,4,1797.78,5,4,4,Champions
17750,4,9,1797.57,5,5,4,Champions
17648,60,4,1797.5,3,4,4,Need Attention
12348,74,4,1797.24,2,4,4,At Risk
18235,71,3,1796.48,3,4,4,Need Attention
13134,85,4,1793.58,2,4,4,At Risk
18179,8,6,1793.17,5,5,4,Champions
13510,0,4,1791.56,5,4,4,Champions
16719,14,7,1790.42,4,5,4,Loyal Customers
12523,18,11,1789.77,4,5,4,Loyal Customers
14215,11,6,1789.72,5,5,4,Champions
14621,0,5,1788.3600000000001,5,4,4,Champions
13875,53,5,1786.79,3,4,4,Need Attention
14608,3,4,1785.15,5,4,4,Champions
14935,296,1,1784.71,1,1,4,Hibernating
15050,24,3,1782.09,4,3,4,Potential Loyalists
16380,60,1,1780.59,3,2,4,Need Attention
15220,51,6,1778.96,3,5,4,Need Attention
17092,49,4,1777.78,3,4,4,Need Attention
12645,33,4,1775.18,3,4,4,Need Attention
17754,0,5,1772.26,5,4,4,Champions
15594,15,5,1771.78,4,4,4,Loyal Customers
15473,13,7,1771.2,4,5,4,Loyal Customers
17813,13,5,1770.8799999999999,4,4,4,Loyal Customers
14387,32,3,1770.56,4,3,4,Potential Loyalists
16681,72,6,1770.34,2,5,4,At Risk
13456,17,6,1766.72,4,5,4,Loyal Customers
15950,31,4,1765.51,4,4,4,Loyal Customers
16751,30,1,1764.72,4,2,4,Potential Loyalists
12424,162,2,1760.96,2,2,4,Hibernating
12823,74,5,1759.5,2,4,4,At Risk
12349,18,1,1757.55,4,1,4,Potential Loyalists
15241,66,8,1756.44,3,5,4,Need Attention
16359,6,9,1750.92,5,5,4,Champions
13564,143,3,1749.02,2,3,4,At Risk
13808,5,5,1747.66,5,4,4,Champions
15067,77,3,1744.76,2,3,4,At Risk
13157,48,4,1741.22,3,4,4,Need Attention
14595,19,6,1740.6,4,5,4,Loyal Customers
17930,35,5,1740.48,3,4,4,Need Attention
17353,128,2,1740.0,2,3,4,At Risk
17457,126,5,1737.7,2,4,4,At Risk
14673,2,5,1736.4,5,4,4,Champions
17043,31,4,1735.18,4,4,4,Loyal Customers
16791,28,7,1721.78,4,5,4,Loyal Customers
17451,0,7,1721.4,5,5,4,Champions
14834,17,6,1720.3,4,5,4,Loyal Customers
15267,21,5,1717.36,4,4,4,Loyal Customers
17162,28,10,1715.46,4,5,4,Loyal Customers
13763,62,1,1714.96,3,1,4,Need Attention
17147,22,4,1714.59,4,4,4,Loyal Customers
14441,0,4,1712.89,5,4,4,Champions
12405,148,1,1710.39,2,1,4,Hibernating
15947,82,1,1708.24,2,2,4,Hibernating
12407,49,5,1708.1200000000001,3,4,4,Need Attention
16902,115,1,1706.88,2,2,4,Hibernating
15240,44,5,1706.57,3,4,4,Need Attention
16398,153,2,1705.8,2,3,4,At Risk
17282,129,3,1703.41,2,4,4,At Risk
12843,65,8,1702.26,3,5,4,Need Attention
16007,47,4,1701.94,3,4,4,Need Attention
13184,14,10,1701.29,4,5,4,Loyal Customers
17193,35,7,1699.3000000000002,3,5,4,Need Attention
13824,32,5,1698.94,4,4,4,Loyal Customers
16775,9,11,1695.66,5,5,4,Champions
12764,316,1,1693.88,1,1,4,Hibernating
14245,219,2,1693.45,1,3,4,At Risk
15549,76,3,1693.26,2,3,4,At Risk
16813,7,10,1692.98,5,5,4,Champions
16671,27,3,1692.27,4,4,4,Loyal Customers
15380,8,5,1690.2600000000002,5,4,4,Champions
17152,194,3,1689.5,1,4,4,Cannot Lose Them
12635,89,2,1689.18,2,2,4,Hibernating
13162,121,4,1688.29,2,4,4,At Risk
13577,24,4,1687.6000000000001,4,4,4,Loyal Customers
16638,22,10,1680.72,4,5,4,Loyal Customers
13647,9,4,1678.1200000000001,5,4,4,Champions
13149,13,4,1676.06,4,4,4,Loyal Customers
17656,72,5,1674.69,2,4,4,At Risk
16115,9,8,1667.97,5,5,4,Champions
12912,2,5,1662.3,5,4,4,Champions
12530,59,4,1662.28,3,4,4,Need Attention
13012,8,8,1661.8400000000001,5,5,4,Champions
15214,1,8,1661.44,5,5,4,Champions
15024,9,10,1661.33,5,5,4,Champions
15332,365,4,1661.06,1,4,4,Cannot Lose Them
12967,357,2,1660.9,1,2,4,Hibernating
14045,108,4,1659.75,2,4,4,At Risk
15953,14,8,1659.3799999999999,4,5,4,Loyal Customers
15826,55,3,1654.31,3,4,4,Need Attention
14573,179,9,1653.42,1,5,4,Cannot Lose Them
17284,59,6,1652.58,3,5,4,Need Attention
16711,2,5,1651.03,5,4,4,Champions
14837,89,4,1649.5,2,4,4,At Risk
13750,53,5,1647.26,3,4,4,Need Attention
12657,10,4,1643.18,5,4,4,Champions
15002,115,4,1641.76,2,4,4,At Risk
13627,58,5,1638.47,3,4,4,Need Attention
12398,45,1,1635.6599999999999,3,1,4,Need Attention
15122,113,3,1633.78,2,3,4,At Risk
14164,70,2,1631.77,3,3,4,Need Attention
17673,1,6,1629.12,5,5,4,Champions
12377,314,2,1628.12,1,2,4,Hibernating
16515,51,5,1627.13,3,4,4,Need Attention
14759,4,3,1625.97,5,3,4,Potential Loyalists
16987,2,7,1625.05,5,5,4,Champions
13425,107,3,1624.21,2,3,4,At Risk
15172,8,5,1624.05,5,4,4,Champions
14937,56,3,1621.88,3,3,4,Need Attention
17101,9,4,1621.73,5,4,4,Champions
14178,8,7,1620.93,5,5,4,Champions
16801,162,4,1619.73,2,4,4,At Risk
18161,14,5,1618.69,4,4,4,Loyal Customers
14336,16,4,1614.91,4,4,4,Loyal Customers
16992,10,5,1614.31,5,4,4,Champions
15791,43,2,1612.69,3,3,4,Need Attention
14312,46,6,1611.59,3,5,4,Need Attention
13614,23,4,1610.46,4,4,4,Loyal Customers
14918,115,2,1610.15,2,3,4,At Risk
12868,185,6,1607.0600000000002,1,5,4,Cannot Lose Them
16817,2,9,1604.75,5,5,4,Champions
12947,143,6,1603.99,2,5,4,At Risk
16466,33,7,1603.46,3,5,4,Need Attention
14719,1,5,1602.13,5,4,4,Champions
14587,18,9,1601.14,4,5,4,Loyal Customers
15660,24,9,1600.86,4,5,4,Loyal Customers
16496,8,3,1599.52,5,4,4,Champions
13850,128,1,1595.48,2,1,4,Hibernating
17837,41,8,1593.38,3,5,4,Need Attention
16332,27,7,1593.2,4,5,4,Loyal Customers
16676,33,4,1592.1200000000001,3,4,4,Need Attention
14970,67,4,1592.06,3,4,4,Need Attention
15611,9,13,1591.45,5,5,4,Champions
18178,128,4,1590.81,2,4,4,At Risk
14442,204,2,1589.82,1,3,4,At Risk
12393,71,4,1582.6000000000001,3,4,4,Need Attention
15532,24,4,1580.93,4,4,4,Loyal Customers
12607,59,1,1579.51,3,1,4,Need Attention
13814,91,2,1579.12,2,2,4,Hibernating
16889,194,3,1578.67,1,4,4,Cannot Lose Them
13186,39,3,1575.89,3,3,4,Need Attention
13634,32,5,1575.16,4,4,4,Loyal Customers
13659,205,2,1573.2,1,2,4,Hibernating
17671,15,4,1572.71,4,4,4,Loyal Customers
16283,5,5,1570.81,5,4,4,Champions
12865,25,2,1568.23,4,2,4,Potential Loyalists
15906,19,7,1567.69,4,5,4,Loyal Customers
15111,28,3,1567.48,4,3,4,Potential Loyalists
17085,122,5,1566.65,2,4,4,At Risk
17204,174,4,1564.56,2,4,4,At Risk
18239,218,5,1561.6100000000001,1,4,4,Cannot Lose Them
14038,77,3,1560.38,2,3,4,At Risk
16394,56,5,1555.34,3,4,4,Need Attention
13313,21,5,1555.32,4,4,4,Loyal Customers
16369,17,3,1553.66,4,4,4,Loyal Customers
15620,56,3,1553.18,3,3,4,Need Attention
15117,14,5,1551.78,4,4,4,Loyal Customers
13320,77,4,1548.7,2,4,4,At Risk
14229,51,3,1547.2,3,3,4,Need Attention
14704,10,9,1546.91,5,5,4,Champions
16790,3,6,1545.6200000000001,5,5,4,Champions
13397,72,5,1544.13,2,4,4,At Risk
15701,1,4,1542.14,5,4,4,Champions
12818,261,1,1542.08,1,1,4,Hibernating
16365,17,9,1540.42,4,5,4,Loyal Customers
17159,21,3,1538.88,4,4,4,Loyal Customers
13849,51,2,1537.95,3,2,4,Need Attention
12877,3,12,1535.77,5,5,4,Champions
15392,4,4,1535.53,5,4,4,Champions
15625,103,4,1534.26,2,4,4,At Risk
13107,43,4,1531.6200000000001,3,4,4,Need Attention
12759,51,3,1531.44,3,3,4,Need Attention
14321,10,5,1530.75,5,4,4,Champions
14567,56,2,1530.3600000000001,3,3,4,Need Attention
15916,15,8,1528.09,4,5,4,Loyal Customers
16244,211,2,1522.75,1,3,4,At Risk
16434,28,7,1522.25,4,5,4,Loyal Customers
16066,16,5,1521.87,4,4,4,Loyal Customers
13764,70,3,1521.76,3,3,4,Need Attention
13213,56,5,1520.58,3,4,4,Need Attention
16880,30,7,1519.08,4,5,4,Loyal Customers
14267,162,3,1516.24,2,3,4,At Risk
13791,127,2,1516.0,2,2,4,Hibernating
16748,17,5,1515.9,4,4,4,Loyal Customers
16053,32,2,1511.95,4,3,4,Potential Loyalists
16910,3,8,1510.06,5,5,4,Champions
16279,20,3,1509.58,4,4,4,Loyal Customers
16016,2,8,1508.76,5,5,4,Champions
15265,150,2,1506.1200000000001,2,3,4,At Risk
12937,14,4,1504.27,4,4,4,Loyal Customers
15530,21,4,1502.35,4,4,4,Loyal Customers
16762,19,3,1501.38,4,4,4,Loyal Customers
13810,28,3,1499.01,4,3,4,Potential Loyalists
17571,49,4,1498.51,3,4,4,Need Attention
14414,91,7,1496.98,2,5,4,At Risk
16755,113,3,1496.83,2,4,4,At Risk
17002,85,3,1493.73,2,4,4,At Risk
15057,274,2,1489.5,1,3,4,At Risk
13110,30,7,1488.67,4,5,4,Loyal Customers
13692,24,3,1488.32,4,3,4,Potential Loyalists
14963,9,5,1487.8,5,4,4,Champions
17553,129,1,1487.6,2,2,4,Hibernating
16395,60,5,1486.9,3,4,4,Need Attention
14878,12,9,1485.54,5,5,4,Champions
14758,144,4,1484.06,2,4,4,At Risk
18016,31,5,1483.56,4,4,4,Loyal Customers
15427,32,3,1483.14,4,3,4,Potential Loyalists
17590,1,3,1479.22,5,4,4,Champions
14403,129,4,1475.81,2,4,4,At Risk
15983,21,4,1475.02,4,4,4,Loyal Customers
12826,2,7,1474.72,5,5,4,Champions
14404,33,6,1474.32,3,5,4,Need Attention
14246,110,3,1474.06,2,3,4,At Risk
15128,59,4,1471.0,3,4,4,Need Attention
16348,31,7,1469.45,4,5,4,Loyal Customers
14875,107,2,1465.3200000000002,2,3,4,At Risk
12882,8,2,1463.04,5,2,4,Potential Loyalists
14233,48,4,1462.72,3,4,4,Need Attention
14541,58,8,1461.65,3,5,4,Need Attention
17063,20,7,1461.14,4,5,4,Loyal Customers
16059,65,6,1459.8600000000001,3,5,4,Need Attention
16996,29,6,1456.96,4,5,4,Loyal Customers
13309,6,5,1456.79,5,4,4,Champions
13477,37,6,1454.58,3,5,4,Need Attention
15987,11,7,1451.28,5,5,4,Champions
14740,196,3,1448.21,1,3,4,At Risk
15426,18,5,1447.39,4,4,4,Loyal Customers
14591,14,4,1447.14,4,4,4,Loyal Customers
17073,17,4,1446.09,4,4,4,Loyal Customers
13717,31,6,1445.01,4,5,4,Loyal Customers
13461,38,3,1445.0,3,3,4,Need Attention
17175,43,4,1443.69,3,4,4,Need Attention
15478,39,2,1441.42,3,3,4,Need Attention
15858,15,5,1438.85,4,4,4,Loyal Customers
14071,3,8,1438.82,5,5,4,Champions
13159,8,4,1437.85,5,4,4,Champions
14566,110,1,1432.0,2,1,4,Hibernating
16503,106,4,1431.93,2,4,4,At Risk
13475,190,4,1431.78,1,4,4,Cannot Lose Them
16103,6,6,1429.64,5,5,4,Champions
16271,2,5,1429.24,5,4,4,Champions
14035,28,5,1428.02,4,4,4,Loyal Customers
15681,24,5,1426.16,4,4,4,Loyal Customers
15106,17,5,1422.52,4,4,4,Loyal Customers
16463,20,4,1422.4,4,4,4,Loyal Customers
16571,26,3,1421.69,4,4,4,Loyal Customers
14019,46,3,1421.61,3,3,4,Need Attention
14901,10,9,1421.29,5,5,4,Champions
14443,53,4,1420.2,3,4,4,Need Attention
17288,8,7,1419.73,5,5,4,Champions
16173,15,6,1418.32,4,5,4,Loyal Customers
15444,8,2,1418.26,5,3,4,Potential Loyalists
17856,1,4,1418.03,5,4,4,Champions
18116,67,8,1418.03,3,5,4,Need Attention
14649,4,4,1417.29,5,4,4,Champions
14748,28,5,1415.75,4,4,4,Loyal Customers
16012,34,3,1415.29,3,4,4,Need Attention
16245,23,3,1413.66,4,4,4,Loyal Customers
17004,45,2,1412.94,3,3,4,Need Attention
15237,1,4,1412.32,5,4,4,Champions
15596,100,5,1406.59,2,4,4,At Risk
17083,108,3,1405.78,2,4,4,At Risk
15563,21,4,1400.44,4,4,4,Loyal Customers
14741,11,6,1400.34,5,5,4,Champions
18202,199,3,1396.99,1,4,4,Cannot Lose Them
13995,14,5,1393.69,4,4,4,Loyal Customers
17354,50,1,1393.06,3,2,4,Need Attention
15810,78,4,1391.98,2,4,4,At Risk
15051,22,3,1391.61,4,3,4,Potential Loyalists
13414,133,3,1390.5,2,3,4,At Risk
13516,20,3,1389.41,4,3,4,Potential Loyalists
15898,0,5,1388.88,5,4,4,Champions
16539,2,4,1388.81,5,4,4,Champions
15453,1,7,1388.37,5,5,4,Champions
15134,14,8,1387.99,4,5,4,Loyal Customers
12952,5,4,1387.79,5,4,4,Champions
17676,3,6,1387.68,5,5,4,Champions
12775,16,5,1386.04,4,4,4,Loyal Customers
13308,22,3,1385.51,4,3,4,Potential Loyalists
18167,22,3,1384.8600000000001,4,4,4,Loyal Customers
17311,77,2,1384.85,2,3,4,At Risk
13572,205,1,1384.25,1,1,4,Hibernating
14507,23,6,1383.18,4,5,4,Loyal Customers
14116,19,5,1382.74,4,4,4,Loyal Customers
16389,52,4,1382.07,3,4,4,Need Attention
16726,25,5,1382.02,4,4,4,Loyal Customers
17621,20,3,1379.9,4,4,4,Loyal Customers
12886,67,2,1378.4,3,2,4,Need Attention
15569,103,5,1375.71,2,4,4,At Risk
16669,23,3,1374.8700000000001,4,4,4,Loyal Customers
14434,21,6,1372.8,4,5,4,Loyal Customers
15095,103,4,1370.6,2,4,4,At Risk
13813,39,4,1366.8600000000001,3,4,4,Need Attention
14897,7,4,1366.38,5,4,4,Champions
13396,28,2,1360.99,4,2,4,Potential Loyalists
14102,4,5,1360.28,5,4,4,Champions
15411,25,4,1358.88,4,4,4,Loyal Customers
13232,12,7,1357.6,5,5,4,Champions
17054,27,5,1356.33,4,4,4,Loyal Customers
14859,12,4,1353.74,5,4,4,Champions
14064,28,5,1353.74,4,4,4,Loyal Customers
15116,17,4,1352.75,4,4,4,Loyal Customers
16079,16,3,1352.0,4,4,4,Loyal Customers
16493,79,4,1351.63,2,4,4,At Risk
12770,210,1,1351.45,1,1,4,Hibernating
12646,4,2,1346.97,5,2,4,Potential Loyalists
14154,238,2,1345.62,1,3,4,At Risk
15398,15,2,1345.53,4,3,4,Potential Loyalists
12463,52,4,1344.78,3,4,4,Need Attention
17372,40,8,1342.68,3,5,4,Need Attention
16317,119,3,1341.65,2,4,4,At Risk
13743,2,7,1341.6,5,5,4,Champions
18177,30,6,1341.42,4,5,4,Loyal Customers
16045,119,4,1340.7,2,4,4,At Risk
13501,287,1,1340.32,1,1,4,Hibernating
15734,114,2,1339.45,2,3,4,At Risk
12620,14,3,1339.41,4,3,4,Potential Loyalists
15059,40,9,1337.72,3,5,4,Need Attention
16110,44,3,1337.48,3,4,4,Need Attention
12919,7,6,1335.19,5,5,4,Champions
15680,8,3,1333.68,5,3,4,Potential Loyalists
17932,28,3,1331.57,4,4,4,Loyal Customers
12676,24,6,1331.39,4,5,4,Loyal Customers
16295,9,4,1328.55,5,4,4,Champions
15146,164,2,1327.16,2,3,4,At Risk
17633,30,4,1324.84,4,4,4,Loyal Customers
12854,78,3,1324.5,2,3,4,At Risk
17095,22,3,1324.16,4,4,4,Loyal Customers
16370,81,4,1320.56,2,4,4,At Risk
14794,2,7,1319.91,5,5,4,Champions
13168,35,4,1319.19,3,4,4,Need Attention
16083,100,2,1317.62,2,3,4,At Risk
12526,0,3,1316.66,5,3,4,Potential Loyalists
14921,29,2,1316.07,4,3,4,Potential Loyalists
12576,35,5,1315.83,3,4,4,Need Attention
14511,10,5,1314.81,5,4,4,Champions
16464,19,3,1314.68,4,4,4,Loyal Customers
14738,42,7,1314.45,3,5,4,Need Attention
14973,106,3,1314.45,2,3,4,At Risk
16040,64,3,1313.55,3,4,4,Need Attention
12364,7,4,1313.1,5,4,4,Champions
12516,77,2,1312.06,2,2,4,Hibernating
14856,35,3,1311.3799999999999,3,3,4,Need Attention
14477,19,4,1309.6,4,4,4,Loyal Customers
16120,58,4,1309.14,3,4,4,Need Attention
14047,8,5,1308.6100000000001,5,4,4,Champions
13328,315,1,1308.48,1,1,4,Hibernating
14297,17,4,1305.33,4,4,4,Loyal Customers
12507,133,3,1304.81,2,3,4,At Risk
16744,10,7,1304.76,5,5,4,Champions
17919,87,1,1304.04,2,2,4,Hibernating
15813,207,2,1303.9099999999999,1,3,4,At Risk
14898,22,6,1303.52,4,5,4,Loyal Customers
15108,141,4,1300.25,2,4,4,At Risk
15494,20,2,1299.23,4,3,4,Potential Loyalists
12488,9,3,1298.66,5,3,4,Potential Loyalists
12372,71,3,1298.04,3,3,4,Need Attention
15602,7,9,1297.8700000000001,5,5,4,Champions
17961,20,39,1296.44,4,5,4,Loyal Customers
16929,3,7,1295.39,5,5,4,Champions
16224,56,4,1295.3,3,4,4,Need Attention
15621,3,4,1293.03,5,4,4,Champions
16101,70,1,1290.7,3,2,4,Need Attention
15171,330,1,1289.5,1,1,4,Hibernating
15136,2,4,1286.7,5,4,4,Champions
16949,3,6,1286.27,5,5,4,Champions
17350,7,4,1286.07,5,4,4,Champions
17802,81,3,1285.04,2,4,4,At Risk
16899,7,6,1281.56,5,5,4,Champions
13878,54,1,1281.53,3,1,4,Need Attention
13538,42,7,1280.85,3,5,4,Need Attention
16951,134,3,1277.75,2,4,4,At Risk
16692,255,2,1276.0,1,3,4,At Risk
17019,10,4,1272.61,5,4,4,Champions
12394,63,2,1272.48,3,2,4,Need Attention
12630,9,2,1270.88,5,2,4,Potential Loyalists
14669,241,3,1269.99,1,3,4,At Risk
13492,135,3,1269.84,2,3,4,At Risk
13431,66,2,1269.1,3,2,4,Need Attention
14916,70,4,1268.98,3,4,4,Need Attention
15199,58,4,1268.7,3,4,4,Need Attention
16660,15,4,1267.6499999999999,4,4,4,Loyal Customers
17037,87,1,1267.32,2,2,4,Hibernating
17158,31,3,1266.97,4,4,4,Loyal Customers
14105,238,1,1266.23,1,1,4,Hibernating
13989,65,2,1266.08,3,3,4,Need Attention
16842,100,3,1264.19,2,4,4,At Risk
15497,17,2,1262.2,4,3,4,Potential Loyalists
15009,11,3,1261.78,5,3,4,Potential Loyalists
16688,0,4,1260.86,5,4,4,Champions
17388,77,4,1259.56,2,4,4,At Risk
17412,2,7,1258.06,5,5,4,Champions
13151,295,1,1257.8700000000001,1,1,4,Hibernating
14931,4,5,1257.68,5,4,4,Champions
16639,30,3,1257.51,4,4,4,Loyal Customers
17481,3,4,1255.59,5,4,4,Champions
13848,91,3,1255.0,2,3,4,At Risk
17262,51,5,1253.3600000000001,3,4,4,Need Attention
14698,1,5,1250.76,5,4,4,Champions
14383,37,3,1247.69,3,3,4,Need Attention
12689,25,2,1247.61,4,2,4,Potential Loyalists
13029,30,3,1247.5,4,3,4,Potential Loyalists
15004,146,1,1246.32,2,1,4,Hibernating
12494,15,7,1246.1000000000001,4,5,4,Loyal Customers
13860,0,5,1245.9,5,4,4,Champions
14428,6,5,1244.83,5,4,4,Champions
16531,21,7,1244.59,4,5,4,Loyal Customers
17584,6,2,1242.3,5,3,4,Potential Loyalists
17588,99,3,1240.2,2,4,4,At Risk
17731,78,4,1240.11,2,4,4,At Risk
12985,0,2,1239.38,5,2,4,Potential Loyalists
13476,178,2,1238.47,2,2,4,Hibernating
14893,9,2,1237.8500000000001,5,3,4,Potential Loyalists
13931,95,2,1237.53,2,2,4,Hibernating
15201,86,5,1236.54,2,4,4,At Risk
14684,25,5,1236.28,4,4,4,Loyal Customers
15376,39,3,1233.3600000000001,3,3,4,Need Attention
15910,0,8,1232.18,5,5,4,Champions
18080,18,2,1231.5,4,3,4,Potential Loyalists
18171,58,5,1231.31,3,4,4,Need Attention
14913,35,4,1227.43,3,4,4,Need Attention
12997,21,4,1226.89,4,4,4,Loyal Customers
12412,74,3,1226.88,2,3,4,At Risk
17774,96,4,1225.41,2,4,4,At Risk
15841,72,4,1224.06,2,4,4,At Risk
13208,58,6,1223.9,3,5,4,Need Attention
16794,0,10,1222.71,5,5,4,Champions
14745,112,5,1220.26,2,4,4,At Risk
15227,36,5,1219.4,3,4,4,Need Attention
13491,51,10,1215.82,3,5,4,Need Attention
17410,15,5,1214.72,4,4,4,Loyal Customers
13055,77,3,1214.41,2,3,4,At Risk
18263,25,3,1213.1599999999999,4,4,4,Loyal Customers
13918,49,2,1212.8400000000001,3,2,4,Need Attention
16653,15,2,1212.66,4,3,4,Potential Loyalists
12464,9,8,1212.05,5,5,4,Champions
17653,36,4,1207.56,3,4,4,Need Attention
15737,14,8,1205.1200000000001,4,5,4,Loyal Customers
16800,10,1,1201.49,5,2,4,Potential Loyalists
13158,94,4,1201.06,2,4,4,At Risk
17320,99,3,1200.6200000000001,2,4,4,At Risk
17800,36,9,1199.01,3,5,4,Need Attention
15605,35,5,1198.23,3,4,4,Need Attention
13118,19,5,1197.81,4,4,4,Loyal Customers
13211,9,3,1197.42,5,3,4,Potential Loyalists
16042,21,5,1197.27,4,4,4,Loyal Customers
17867,29,6,1197.1000000000001,4,5,4,Loyal Customers
14487,26,6,1196.33,4,5,4,Loyal Customers
17720,25,4,1195.94,4,4,4,Loyal Customers
17526,4,4,1195.8999999999999,5,4,4,Champions
15145,3,4,1194.73,5,4,4,Champions
12611,51,1,1193.32,3,1,4,Need Attention
13882,2,5,1191.13,5,4,4,Champions
12462,18,2,1189.59,4,2,4,Potential Loyalists
16612,32,4,1187.66,4,4,4,Loyal Customers
15630,44,2,1186.35,3,3,4,Need Attention
13752,123,6,1186.28,2,5,4,At Risk
17058,81,3,1179.89,2,4,4,At Risk
16950,56,3,1178.56,3,4,4,Need Attention
12885,62,3,1175.22,3,3,4,Need Attention
12640,23,3,1174.58,4,3,4,Potential Loyalists
15306,63,3,1174.35,3,3,4,Need Attention
14857,59,2,1173.12,3,3,4,Need Attention
13611,88,3,1171.8,2,3,4,At Risk
18168,175,6,1169.94,2,5,4,At Risk
12358,1,2,1168.06,5,2,4,Potential Loyalists
13500,22,3,1166.77,4,3,4,Potential Loyalists
14737,3,3,1164.55,5,3,4,Potential Loyalists
14261,50,2,1163.45,3,3,4,Need Attention
14447,18,5,1163.23,4,4,4,Loyal Customers
16714,218,3,1161.53,1,4,4,Cannot Lose Them
12546,46,2,1161.5,3,2,4,Need Attention
15088,20,2,1160.07,4,3,4,Potential Loyalists
17348,14,5,1159.52,4,4,4,Loyal Customers
13499,17,5,1159.11,4,4,4,Loyal Customers
16184,63,6,1158.79,3,5,4,Need Attention
14723,9,6,1158.3,5,5,4,Champions
13744,94,2,1156.36,2,2,4,Hibernating
16637,31,4,1154.47,4,4,4,Loyal Customers
16062,9,4,1153.62,5,4,4,Champions
12710,96,3,1149.02,2,3,4,At Risk
17505,161,2,1145.84,2,3,4,At Risk
16766,272,2,1145.6,1,3,4,At Risk
12769,238,1,1143.6,1,1,4,Hibernating
17770,198,5,1143.27,1,4,4,Cannot Lose Them
18125,29,4,1142.99,4,4,4,Loyal Customers
15985,122,2,1142.42,2,3,4,At Risk
16270,352,1,1141.24,1,2,4,Hibernating
13330,92,3,1140.93,2,3,4,At Risk
13819,301,3,1140.35,1,3,4,At Risk
16172,94,5,1140.21,2,4,4,At Risk
17135,15,7,1139.73,4,5,4,Loyal Customers
17500,16,3,1138.0,4,4,4,Loyal Customers
17302,14,5,1135.63,4,4,4,Loyal Customers
17242,107,2,1135.04,2,3,4,At Risk
15489,22,3,1134.28,4,3,4,Potential Loyalists
16989,6,6,1133.25,5,5,4,Champions
17585,108,4,1133.07,2,4,4,At Risk
13282,17,3,1132.14,4,3,4,Potential Loyalists
13772,33,3,1132.13,3,3,4,Need Attention
13310,27,3,1132.03,4,3,4,Potential Loyalists
13610,11,7,1131.88,5,5,4,Champions
15500,7,4,1131.56,5,4,4,Champions
13447,22,3,1129.14,4,3,4,Potential Loyalists
14824,9,4,1127.71,5,4,4,Champions
12609,77,3,1126.85,2,3,4,At Risk
14708,2,3,1126.37,5,3,4,Potential Loyalists
17470,44,5,1125.07,3,4,4,Need Attention
14129,1,5,1123.8600000000001,5,4,4,Champions
15436,11,3,1122.53,5,3,4,Potential Loyalists
13486,77,3,1122.41,2,3,4,At Risk
17562,13,7,1122.38,4,5,4,Loyal Customers
16807,142,3,1121.59,2,4,4,At Risk
16086,58,5,1121.39,3,4,4,Need Attention
15730,65,3,1120.88,3,3,4,Need Attention
17894,71,8,1119.81,3,5,4,Need Attention
14276,98,3,1119.74,2,3,4,At Risk
13064,12,4,1119.49,5,4,4,Champions
12842,69,2,1118.99,3,2,4,Need Attention
15716,145,4,1118.81,2,4,4,At Risk
17788,73,2,1117.9,2,3,4,At Risk
13591,64,3,1117.13,3,3,4,Need Attention
14971,34,3,1116.57,3,3,4,Need Attention
16350,20,4,1116.47,4,4,4,Loyal Customers
12679,58,4,1113.02,3,4,4,Need Attention
17609,40,5,1112.22,3,4,4,Need Attention
16049,39,3,1111.79,3,4,4,Need Attention
14161,215,3,1110.52,1,3,4,At Risk
14817,199,2,1110.34,1,3,4,At Risk
15069,178,1,1109.53,2,1,4,Hibernating
12399,118,4,1108.65,2,4,4,At Risk
15933,20,3,1107.46,4,4,4,Loyal Customers
16833,0,4,1106.53,5,4,4,Champions
12857,210,2,1106.4,1,2,4,Hibernating
14410,91,9,1105.07,2,5,4,At Risk
14948,22,6,1101.97,4,5,4,Loyal Customers
17047,84,3,1100.9,2,4,4,At Risk
14744,15,7,1099.98,4,5,4,Loyal Customers
15978,76,1,1098.78,2,2,4,Hibernating
13104,2,6,1098.48,5,5,4,Champions
17966,37,5,1098.43,3,4,4,Need Attention
16225,44,5,1096.32,3,4,4,Need Attention
16533,18,3,1095.56,4,4,4,Loyal Customers
13652,45,3,1095.08,3,3,4,Need Attention
15745,18,4,1094.59,4,4,4,Loyal Customers
15608,27,4,1093.68,4,4,4,Loyal Customers
13521,0,3,1093.65,5,3,4,Potential Loyalists
18189,77,2,1090.24,2,3,4,At Risk
13853,56,1,1090.14,3,1,4,Need Attention
12534,130,1,1089.18,2,1,4,Hibernating
15763,31,2,1086.92,4,3,4,Potential Loyalists
13467,10,2,1083.71,5,2,4,Potential Loyalists
17041,26,3,1081.57,4,4,4,Loyal Customers
14561,75,3,1080.76,2,3,4,At Risk
16200,3,2,1080.6200000000001,5,3,4,Potential Loyalists
13726,38,2,1079.6599999999999,3,2,4,Need Attention
15197,10,3,1079.6100000000001,5,3,4,Potential Loyalists
12354,231,1,1079.4,1,1,4,Hibernating
13715,280,5,1079.34,1,4,4,Cannot Lose Them
16980,254,2,1078.96,1,3,4,At Risk
14352,156,4,1078.96,2,4,4,At Risk
16094,11,4,1078.23,5,4,4,Champions
16563,53,1,1077.74,3,2,4,Need Attention
13131,22,3,1073.3,4,3,4,Potential Loyalists
15712,8,5,1072.3600000000001,5,4,4,Champions
15238,28,3,1071.99,4,3,4,Potential Loyalists
13635,67,1,1071.03,3,1,4,Need Attention
17522,1,5,1070.71,5,4,4,Champions
13761,49,2,1070.65,3,2,4,Need Attention
14212,89,1,1070.48,2,1,4,Hibernating
17214,59,6,1069.1200000000001,3,5,4,Need Attention
16918,49,6,1068.82,3,5,4,Need Attention
15027,30,4,1066.1499999999999,4,4,4,Loyal Customers
17277,227,2,1065.3500000000001,1,3,4,At Risk
14488,67,1,1064.28,3,1,4,Need Attention
17287,25,7,1064.11,4,5,4,Loyal Customers
12951,8,6,1064.07,5,5,4,Champions
15801,45,3,1063.95,3,4,4,Need Attention
12936,16,4,1063.9,4,4,4,Loyal Customers
12815,147,2,1063.46,2,2,4,Hibernating
14411,310,1,1063.0,1,1,4,Hibernating
16214,170,3,1062.75,2,4,4,At Risk
15996,87,6,1060.68,2,5,4,At Risk
15706,63,4,1060.56,3,4,4,Need Attention
17727,14,1,1060.25,4,2,4,Potential Loyalists
18130,14,3,1059.39,4,4,4,Loyal Customers
14465,246,3,1058.6200000000001,1,3,4,At Risk
13455,24,2,1058.34,4,2,4,Potential Loyalists
14419,10,6,1058.06,5,5,4,Champions
15407,33,4,1056.44,3,4,4,Need Attention
14514,60,3,1055.35,3,3,4,Need Attention
15977,16,2,1054.73,4,3,4,Potential Loyalists
16728,45,4,1054.67,3,4,4,Need Attention
12716,3,2,1053.49,5,2,4,Potential Loyalists
14583,5,5,1052.55,5,4,4,Champions
16416,26,3,1051.4,4,4,4,Loyal Customers
12849,30,2,1050.8899999999999,4,2,4,Potential Loyalists
14224,109,4,1050.12,2,4,4,At Risk
15329,38,3,1049.7,3,3,4,Need Attention
14078,101,6,1049.37,2,5,4,At Risk
15464,337,1,1048.85,1,1,4,Hibernating
15839,32,3,1048.49,4,4,4,Loyal Customers
15777,240,4,1047.11,1,4,4,Cannot Lose Them
16520,185,3,1046.57,1,4,4,Cannot Lose Them
14293,2,4,1046.56,5,4,4,Champions
17042,2,5,1044.3799999999999,5,4,4,Champions
15192,119,3,1044.32,2,3,4,At Risk
14389,64,2,1043.46,3,3,4,Need Attention
15073,9,3,1043.41,5,3,4,Potential Loyalists
12497,81,1,1043.1,2,1,4,Hibernating
14584,168,4,1042.26,2,4,4,At Risk
13719,14,5,1041.68,4,4,4,Loyal Customers
18221,21,5,1041.61,4,4,4,Loyal Customers
15434,7,5,1041.48,5,4,4,Champions
14446,0,4,1039.58,5,4,4,Champions
16320,171,2,1038.46,2,3,4,At Risk
16175,93,4,1037.59,2,4,4,At Risk
12691,27,6,1035.8,4,5,4,Loyal Customers
16260,50,1,1035.45,3,2,4,Need Attention
13639,73,1,1033.34,2,1,4,Hibernating
17724,70,3,1033.0,3,4,4,Need Attention
12599,28,7,1032.58,4,5,4,Loyal Customers
17405,0,3,1031.41,5,4,4,Champions
12724,4,4,1031.41,5,4,4,Champions
13235,211,1,1031.07,1,1,4,Hibernating
12717,150,2,1030.98,2,2,4,Hibernating
13253,156,2,1030.4,2,2,4,Hibernating
17033,85,3,1030.14,2,4,4,At Risk
15333,207,1,1028.56,1,1,4,Hibernating
16682,4,5,1028.0,5,4,4,Champions
15104,196,2,1027.44,1,3,4,At Risk
13956,4,5,1026.42,5,4,4,Champions
14904,1,2,1025.44,5,3,4,Potential Loyalists
16160,64,2,1025.44,3,3,4,Need Attention
15658,189,5,1024.1000000000001,1,4,4,Cannot Lose Them
17096,14,4,1022.13,4,4,4,Loyal Customers
14346,120,2,1021.58,2,3,4,At Risk
13165,45,2,1021.48,3,2,4,Need Attention
12572,8,2,1020.42,5,2,4,Potential Loyalists
13376,98,3,1019.76,2,3,4,At Risk
18142,156,2,1019.52,2,3,4,At Risk
12828,2,6,1018.71,5,5,4,Champions
14083,3,9,1018.43,5,5,4,Champions
12514,266,1,1017.68,1,1,4,Hibernating
13728,36,6,1016.14,3,5,4,Need Attention
13867,30,3,1015.29,4,3,4,Potential Loyalists
12642,24,3,1013.26,4,3,4,Potential Loyalists
12739,77,2,1013.04,2,2,4,Hibernating
17197,29,1,1013.01,4,2,4,Potential Loyalists
14195,201,2,1012.0,1,3,4,At Risk
14775,57,3,1011.9,3,3,4,Need Attention
16229,86,2,1010.6,2,3,4,At Risk
13032,51,2,1010.18,3,2,4,Need Attention
16572,126,3,1009.6,2,4,4,At Risk
16174,125,3,1009.5500000000001,2,4,4,At Risk
17951,39,3,1008.5400000000001,3,4,4,Need Attention
17646,218,3,1008.39,1,4,4,Cannot Lose Them
14631,50,3,1006.98,3,3,4,Need Attention
13429,10,4,1006.8,5,4,4,Champions
17126,151,5,1004.75,2,4,4,At Risk
14214,30,5,1004.38,4,4,4,Loyal Customers
13410,23,5,1003.06,4,4,4,Loyal Customers
12446,57,1,1002.3100000000001,3,1,4,Need Attention
12545,74,2,1000.39,2,2,4,Hibernating
15508,188,6,1000.27,1,5,4,Cannot Lose Them
18143,116,2,1000.16,2,3,4,At Risk
12722,84,4,997.63,2,4,4,At Risk
14540,9,3,996.26,5,3,4,Potential Loyalists
15110,23,4,996.1,4,4,4,Loyal Customers
17594,84,2,993.18,2,3,4,At Risk
16009,21,4,992.71,4,4,4,Loyal Customers
13363,17,2,992.5,4,2,4,Potential Loyalists
14223,91,3,991.13,2,3,4,At Risk
16232,43,4,990.88,3,4,4,Need Attention
17324,17,4,990.23,4,4,4,Loyal Customers
15062,70,4,987.86,3,4,4,Need Attention
18237,2,5,987.1,5,4,4,Champions
16376,8,2,987.01,5,3,4,Potential Loyalists
13117,21,8,984.91,4,5,4,Loyal Customers
17144,0,2,984.57,5,3,4,Potential Loyalists
12510,142,2,982.5699999999999,2,2,4,Hibernating
15133,127,3,982.42,2,3,4,At Risk
14138,1,2,982.3800000000001,5,3,4,Potential Loyalists
15071,93,2,982.07,2,3,4,At Risk
16188,44,4,981.86,3,4,4,Need Attention
16907,28,5,981.65,4,4,4,Loyal Customers
16085,22,5,981.51,4,4,4,Loyal Customers
12541,29,3,981.18,4,3,4,Potential Loyalists
18170,32,3,980.31,4,4,4,Loyal Customers
13509,8,7,979.72,5,5,4,Champions
15506,22,3,979.26,4,3,4,Potential Loyalists
13350,15,2,979.12,4,2,4,Potential Loyalists
15132,17,5,977.9300000000001,4,4,4,Loyal Customers
14920,212,2,977.77,1,3,4,At Risk
15860,40,8,977.21,3,5,4,Need Attention
13026,0,5,975.36,5,4,4,Champions
14522,23,4,974.54,4,4,4,Loyal Customers
15449,25,3,974.52,4,3,4,Potential Loyalists
12994,3,3,974.4200000000001,5,3,4,Potential Loyalists
15747,12,3,974.04,5,3,4,Potential Loyalists
18194,81,1,973.8399999999999,2,2,4,Hibernating
16419,112,6,972.23,2,5,4,At Risk
13155,32,4,971.76,4,4,4,Loyal Customers
17100,17,2,971.74,4,3,4,Potential Loyalists
17618,5,3,971.58,5,4,4,Champions
14256,259,2,969.0600000000001,1,3,4,At Risk
15907,3,3,967.45,5,4,4,Champions
15793,14,3,965.61,4,4,4,Loyal Customers
12550,78,1,964.83,2,1,4,Hibernating
13138,21,6,962.39,4,5,4,Loyal Customers
14006,115,3,962.19,2,3,4,At Risk
15156,0,3,961.49,5,3,4,Potential Loyalists
14629,3,2,959.01,5,3,4,Potential Loyalists
18192,71,1,957.97,3,2,4,Need Attention
13823,18,2,957.66,4,2,4,Potential Loyalists
12697,28,3,957.59,4,3,4,Potential Loyalists
15948,7,2,955.24,5,3,4,Potential Loyalists
17244,52,1,954.9,3,2,4,Need Attention
17097,1,8,954.42,5,5,4,Champions
15835,43,4,954.09,3,4,4,Need Attention
16934,54,2,950.9300000000001,3,3,4,Need Attention
15421,58,4,950.36,3,4,4,Need Attention
16511,21,3,950.26,4,4,4,Loyal Customers
13636,36,5,949.12,3,4,4,Need Attention
12822,70,2,948.88,3,2,4,Need Attention
17044,24,1,948.48,4,2,4,Potential Loyalists
13748,95,5,948.25,2,4,4,At Risk
15787,25,3,948.05,4,4,4,Loyal Customers
12458,70,2,947.4,3,2,4,Need Attention
15707,34,4,945.58,3,4,4,Need Attention
17289,31,3,944.41,4,4,4,Loyal Customers
13261,268,2,944.1,1,2,4,Hibernating
12820,2,4,942.34,5,4,4,Champions
14075,4,3,942.26,5,3,4,Potential Loyalists
15576,37,1,940.6700000000001,3,1,3,Need Attention
15289,28,3,939.78,4,3,3,Potential Loyalists
17527,53,4,939.37,3,4,3,Need Attention
17227,18,6,939.32,4,5,3,Loyal Customers
16584,79,2,936.08,2,3,3,At Risk
14140,3,2,935.05,5,3,3,Potential Loyalists
16027,91,6,934.62,2,5,3,At Risk
14081,301,2,934.52,1,3,3,At Risk
12924,87,4,933.7,2,4,3,At Risk
16657,9,4,933.62,5,4,3,Loyal Customers
13655,113,2,932.97,2,2,3,Hibernating
14532,235,4,932.85,1,4,3,At Risk
18133,211,1,931.4999999999999,1,2,3,Hibernating
17552,59,4,930.41,3,4,3,Need Attention
14475,71,3,925.85,3,3,3,Need Attention
14231,183,3,925.71,1,3,3,At Risk
17048,117,3,925.35,2,4,3,At Risk
15312,74,4,924.85,2,4,3,At Risk
13805,51,2,924.6,3,2,3,Need Attention
15654,8,2,922.53,5,3,3,Potential Loyalists
13122,93,2,922.39,2,2,3,Hibernating
16551,95,3,922.12,2,4,3,At Risk
13934,263,1,922.1,1,1,3,Hibernating
13035,73,2,921.88,2,2,3,Hibernating
17323,14,7,921.07,4,5,3,Loyal Customers
13984,26,5,920.51,4,4,3,Loyal Customers
17018,40,2,920.1,3,3,3,Need Attention
12652,330,1,919.98,1,1,3,Hibernating
13075,129,1,919.61,2,1,3,Hibernating
13549,25,7,918.2,4,5,3,Loyal Customers
15253,15,5,918.1999999999999,4,4,3,Loyal Customers
14015,52,1,917.34,3,1,3,Need Attention
14712,28,3,917.07,4,3,3,Potential Loyalists
17236,12,6,916.13,5,5,3,Loyal Customers
14141,2,4,915.13,5,4,3,Loyal Customers
16216,266,1,914.9300000000001,1,2,3,Hibernating
16809,22,5,914.69,4,4,3,Loyal Customers
15587,49,4,913.6800000000001,3,4,3,Need Attention
12940,54,2,913.54,3,2,3,Need Attention
15364,95,2,913.19,2,3,3,At Risk
14359,18,3,912.18,4,3,3,Potential Loyalists
13782,12,6,912.0,5,5,3,Loyal Customers
13192,94,2,911.94,2,2,3,Hibernating
14289,8,6,911.26,5,5,3,Loyal Customers
18096,11,3,911.15,5,4,3,Loyal Customers
13689,62,1,910.0,3,1,3,Need Attention
15511,11,5,909.23,5,4,3,Loyal Customers
13038,79,3,908.46,2,3,3,At Risk
14449,18,4,907.1,4,4,3,Loyal Customers
15480,115,1,905.5,2,1,3,Hibernating
15022,11,4,905.04,5,4,3,Loyal Customers
15807,49,3,903.9,3,4,3,Need Attention
17566,7,2,901.21,5,3,3,Potential Loyalists
16716,266,2,901.2,1,3,3,At Risk
17848,80,9,901.1999999999999,2,5,3,At Risk
14625,195,2,899.63,1,3,3,At Risk
17886,31,3,899.61,4,4,3,Loyal Customers
13662,85,3,897.76,2,3,3,At Risk
17537,29,2,897.62,4,3,3,Potential Loyalists
16361,9,4,896.66,5,4,3,Loyal Customers
15079,212,4,895.61,1,4,3,At Risk
15865,40,3,895.13,3,4,3,Need Attention
15211,59,2,894.4100000000001,3,3,3,Need Attention
15066,52,1,893.59,3,1,3,Need Attention
12772,59,1,892.47,3,1,3,Need Attention
13515,72,4,891.12,2,4,3,At Risk
15255,66,1,890.85,3,1,3,Need Attention
14240,29,2,890.34,4,3,3,Potential Loyalists
17027,78,6,890.29,2,5,3,At Risk
14344,126,8,889.9300000000001,2,5,3,At Risk
17007,50,6,889.9300000000001,3,5,3,Need Attention
14623,31,5,889.25,4,4,3,Loyal Customers
17829,298,1,889.24,1,2,3,Hibernating
16347,10,2,887.65,5,3,3,Potential Loyalists
16900,16,3,887.11,4,4,3,Loyal Customers
15822,2,2,885.47,5,3,3,Potential Loyalists
17704,168,2,885.19,2,3,3,At Risk
17109,28,6,885.04,4,5,3,Loyal Customers
15799,75,3,884.14,2,4,3,At Risk
14597,10,2,883.15,5,3,3,Potential Loyalists
18236,29,6,882.24,4,5,3,Loyal Customers
13037,137,3,881.07,2,3,3,At Risk
15076,172,1,880.85,2,1,3,Hibernating
15653,92,2,877.4399999999999,2,3,3,At Risk
14770,231,2,876.42,1,3,3,At Risk
15100,333,3,876.0,1,3,3,At Risk
13566,40,2,874.71,3,2,3,Need Attention
16513,4,4,874.59,5,4,3,Loyal Customers
13294,189,2,873.74,1,2,3,Hibernating
12847,21,1,871.54,4,1,3,Potential Loyalists
15208,0,5,870.12,5,4,3,Loyal Customers
13200,18,4,870.09,4,4,3,Loyal Customers
13979,72,1,869.87,2,1,3,Hibernating
12694,69,2,869.67,3,2,3,Need Attention
13203,9,4,869.46,5,4,3,Loyal Customers
17649,137,1,868.49,2,2,3,Hibernating
14912,16,2,867.85,4,3,3,Potential Loyalists
14715,24,4,867.38,4,4,3,Loyal Customers
16235,40,5,867.31,3,4,3,Need Attention
16121,56,2,867.11,3,3,3,Need Attention
14332,22,3,866.31,4,3,3,Potential Loyalists
16567,193,2,865.6,1,3,3,At Risk
13846,24,3,865.0600000000001,4,3,3,Potential Loyalists
16221,36,3,864.86,3,4,3,Need Attention
12680,0,4,862.81,5,4,3,Loyal Customers
16266,73,7,861.89,2,5,3,At Risk
12794,52,2,860.41,3,2,3,Need Attention
13339,200,1,860.12,1,1,3,Hibernating
14577,12,4,859.71,5,4,3,Loyal Customers
17064,58,3,859.35,3,4,3,Need Attention
14553,18,5,859.27,4,4,3,Loyal Customers
16163,231,2,856.6,1,3,3,At Risk
13991,11,6,855.97,5,5,3,Loyal Customers
12693,126,4,855.91,2,4,3,At Risk
16037,269,3,855.02,1,4,3,At Risk
12878,235,2,854.99,1,2,3,Hibernating
17560,94,5,854.95,2,4,3,At Risk
16877,11,6,853.72,5,5,3,Loyal Customers
14193,67,2,853.39,3,3,3,Need Attention
12379,81,2,852.24,2,2,3,Hibernating
16070,21,2,852.15,4,3,3,Potential Loyalists
16020,16,3,851.01,4,4,3,Loyal Customers
12713,0,1,848.55,5,1,3,New Customers
14657,17,4,848.22,4,4,3,Loyal Customers
13221,239,2,847.41,1,2,3,Hibernating
16924,20,3,846.75,4,4,3,Loyal Customers
16222,317,1,846.72,1,2,3,Hibernating
15965,16,4,845.64,4,4,3,Loyal Customers
14803,161,3,845.55,2,3,3,At Risk
17624,14,2,843.48,4,3,3,Potential Loyalists
15164,68,3,843.05,3,3,3,Need Attention
17929,10,4,843.0,5,4,3,Loyal Customers
13929,168,2,842.65,2,2,3,Hibernating
16108,84,1,842.5,2,2,3,Hibernating
16560,26,2,841.41,4,3,3,Potential Loyalists
14862,25,2,841.1999999999999,4,3,3,Potential Loyalists
17076,35,3,841.0799999999999,3,4,3,Need Attention
13940,16,4,839.14,4,4,3,Loyal Customers
17115,7,3,837.5,5,4,3,Loyal Customers
16554,41,3,837.1,3,4,3,Need Attention
15832,253,1,836.79,1,2,3,Hibernating
12728,70,4,836.33,3,4,3,Need Attention
16747,37,2,836.06,3,3,3,Need Attention
17169,57,2,835.78,3,3,3,Need Attention
17759,16,3,834.99,4,4,3,Loyal Customers
13835,24,4,834.57,4,4,3,Loyal Customers
17075,17,4,834.12,4,4,3,Loyal Customers
16644,177,2,833.78,2,3,3,At Risk
15862,7,4,832.88,5,4,3,Loyal Customers
14644,67,2,830.76,3,3,3,Need Attention
13681,17,4,827.83,4,4,3,Loyal Customers
12461,93,2,826.88,2,2,3,Hibernating
12781,63,2,826.74,3,2,3,Need Attention
16494,296,1,826.53,1,2,3,Hibernating
17921,63,4,826.52,3,4,3,Need Attention
15525,1,3,825.92,5,3,3,Potential Loyalists
12427,21,3,825.8,4,3,3,Potential Loyalists
16869,22,4,825.42,4,4,3,Loyal Customers
16284,30,2,823.97,4,3,3,Potential Loyalists
16164,16,3,822.48,4,4,3,Loyal Customers
12778,19,6,822.23,4,5,3,Loyal Customers
13893,297,1,821.1,1,1,3,Hibernating
13220,77,4,819.2900000000001,2,4,3,At Risk
17764,50,2,818.8199999999999,3,3,3,Need Attention
16092,114,3,817.86,2,4,3,At Risk
16943,211,3,816.73,1,4,3,At Risk
15649,335,2,816.0,1,3,3,At Risk
15399,0,3,815.77,5,3,3,Potential Loyalists
14499,25,3,815.32,4,3,3,Potential Loyalists
13280,121,3,814.86,2,3,3,At Risk
16460,27,3,814.72,4,4,3,Loyal Customers
13811,183,3,814.5,1,3,3,At Risk
18064,132,2,814.0,2,3,3,At Risk
16600,3,6,813.52,5,5,3,Loyal Customers
16621,51,4,813.48,3,4,3,Need Attention
14421,56,2,813.11,3,3,3,Need Attention
15644,165,4,813.0,2,4,3,At Risk
17980,165,3,811.45,2,4,3,At Risk
16276,176,1,810.6000000000001,2,2,3,Hibernating
16624,80,2,810.5699999999999,2,3,3,At Risk
13637,51,3,810.5,3,3,3,Need Attention
16891,1,5,809.7,5,4,3,Loyal Customers
17114,5,8,808.62,5,5,3,Loyal Customers
15533,18,3,807.57,4,3,3,Potential Loyalists
12421,15,4,807.04,4,4,3,Loyal Customers
15952,33,4,806.57,3,4,3,Need Attention
13707,266,2,806.41,1,2,3,Hibernating
12434,84,2,806.14,2,2,3,Hibernating
16367,36,2,804.49,3,3,3,Need Attention
18248,122,2,804.02,2,3,3,At Risk
12422,95,3,803.5600000000001,2,3,3,At Risk
15831,57,3,801.76,3,4,3,Need Attention
18265,71,2,801.51,3,3,3,Need Attention
16806,102,4,801.49,2,4,3,At Risk
15561,11,4,800.59,5,4,3,Loyal Customers
17905,70,4,800.24,3,4,3,Need Attention
13720,116,4,799.9,2,4,3,At Risk
13030,10,2,799.48,5,2,3,Potential Loyalists
17703,34,3,798.74,3,4,3,Need Attention
16438,5,5,798.35,5,4,3,Loyal Customers
13389,10,3,797.96,5,3,3,Potential Loyalists
12701,79,2,797.71,2,2,3,Hibernating
17180,55,4,796.03,3,4,3,Need Attention
13336,76,1,795.12,2,1,3,Hibernating
15990,43,2,792.11,3,3,3,Need Attention
13167,18,4,791.33,4,4,3,Loyal Customers
14976,56,7,790.86,3,5,3,Need Attention
13016,72,3,789.89,2,3,3,At Risk
16759,7,3,789.79,5,4,3,Loyal Customers
13329,31,2,789.0,4,2,3,Potential Loyalists
14557,84,1,788.38,2,1,3,Hibernating
13212,19,3,788.08,4,3,3,Potential Loyalists
13323,2,5,787.85,5,4,3,Loyal Customers
13884,6,5,787.6,5,4,3,Loyal Customers
16546,290,2,787.15,1,3,3,At Risk
13109,59,2,786.54,3,2,3,Need Attention
12628,3,3,786.46,5,3,3,Potential Loyalists
15806,45,3,784.58,3,4,3,Need Attention
15743,15,4,784.46,4,4,3,Loyal Customers
18136,62,3,784.33,3,4,3,Need Attention
17387,19,2,784.11,4,3,3,Potential Loyalists
16054,144,1,783.9,2,2,3,Hibernating
17006,4,4,781.78,5,4,3,Loyal Customers
17341,156,3,781.36,2,4,3,At Risk
15679,23,4,781.28,4,4,3,Loyal Customers
13583,155,1,781.03,2,1,3,Hibernating
16725,301,7,781.02,1,5,3,At Risk
15239,9,2,780.59,5,3,3,Potential Loyalists
17797,21,3,780.43,4,4,3,Loyal Customers
18228,56,2,779.9,3,3,3,Need Attention
12735,314,2,779.5699999999999,1,2,3,Hibernating
17411,11,3,778.94,5,4,3,Loyal Customers
13375,88,1,778.65,2,1,3,Hibernating
14815,36,2,778.5,3,3,3,Need Attention
17414,43,2,778.0,3,3,3,Need Attention
16505,31,1,777.6,4,2,3,Potential Loyalists
13563,83,2,777.53,2,2,3,Hibernating
12425,77,1,777.2,2,1,3,Hibernating
15353,254,2,777.02,1,3,3,At Risk
15618,32,4,776.851,4,4,3,Loyal Customers
13314,1,3,775.94,5,3,3,Potential Loyalists
13341,260,1,775.85,1,1,3,Hibernating
14234,21,4,775.46,4,4,3,Loyal Customers
16825,38,2,775.1800000000001,3,3,3,Need Attention
15414,9,3,774.9000000000001,5,3,3,Potential Loyalists
16043,37,4,773.99,3,4,3,Need Attention
15075,77,1,773.03,2,1,3,Hibernating
12965,88,1,771.91,2,1,3,Hibernating
17409,184,2,771.85,1,3,3,At Risk
14662,28,4,771.17,4,4,3,Loyal Customers
16770,57,5,770.1,3,4,3,Need Attention
14412,42,2,770.03,3,3,3,Need Attention
16480,75,1,769.29,2,2,3,Hibernating
13356,79,1,768.24,2,1,3,Hibernating
17516,14,5,768.08,4,4,3,Loyal Customers
14550,10,2,765.62,5,3,3,Potential Loyalists
14672,234,2,765.55,1,3,3,At Risk
17695,131,2,765.34,2,3,3,At Risk
14885,131,1,765.3199999999999,2,1,3,Hibernating
17268,107,4,763.64,2,4,3,At Risk
17466,9,2,763.28,5,3,3,Potential Loyalists
16470,51,4,762.39,3,4,3,Need Attention
15599,26,2,761.74,4,3,3,Potential Loyalists
14883,18,6,761.59,4,5,3,Loyal Customers
16205,30,4,761.38,4,4,3,Loyal Customers
17425,18,2,759.17,4,3,3,Potential Loyalists
16036,86,2,758.92,2,3,3,At Risk
15568,2,3,758.29,5,3,3,Potential Loyalists
12413,66,3,758.1,3,3,3,Need Attention
17979,35,4,757.71,3,4,3,Need Attention
17461,22,3,757.46,4,4,3,Loyal Customers
15223,225,2,755.75,1,3,3,At Risk
13370,371,1,754.87,1,1,3,Hibernating
18104,36,1,754.64,3,2,3,Need Attention
13730,135,2,752.6,2,2,3,Hibernating
16256,266,1,752.4300000000001,1,2,3,Hibernating
12908,175,2,750.0,2,2,3,Hibernating
17146,105,3,749.78,2,4,3,At Risk
14923,50,1,749.1,3,1,3,Need Attention
15074,104,1,748.87,2,1,3,Hibernating
15656,44,4,748.5,3,4,3,Need Attention
16859,144,2,747.81,2,3,3,At Risk
13623,30,5,747.78,4,4,3,Loyal Customers
14201,59,7,747.44,3,5,3,Need Attention
16261,16,4,746.83,4,4,3,Loyal Customers
14050,31,2,746.36,4,3,3,Potential Loyalists
17034,15,3,745.52,4,4,3,Loyal Customers
13950,10,4,745.06,5,4,3,Loyal Customers
14790,16,4,745.06,4,4,3,Loyal Customers
13236,24,2,744.85,4,2,3,Potential Loyalists
13354,70,1,743.53,3,1,3,Need Attention
16730,51,3,743.11,3,4,3,Need Attention
12374,24,1,742.9300000000001,4,1,3,Potential Loyalists
12465,16,2,742.1899999999999,4,2,3,Potential Loyalists
13753,287,1,741.26,1,1,3,Hibernating
13900,182,3,740.95,1,3,3,At Risk
17692,126,4,740.9399999999999,2,4,3,At Risk
17974,24,3,740.79,4,4,3,Loyal Customers
15252,35,2,740.78,3,3,3,Need Attention
12603,21,1,739.1999999999999,4,1,3,Potential Loyalists
14756,14,1,738.96,4,1,3,Potential Loyalists
12976,211,1,738.6,1,1,3,Hibernating
15045,151,2,735.66,2,3,3,At Risk
15215,46,3,734.94,3,3,3,Need Attention
18156,12,2,734.94,5,3,3,Potential Loyalists
16362,31,5,734.77,4,4,3,Loyal Customers
16146,156,3,734.13,2,4,3,At Risk
17812,12,4,732.16,5,4,3,Loyal Customers
13575,22,5,732.0699999999999,4,4,3,Loyal Customers
16099,49,3,731.9,3,4,3,Need Attention
13736,4,2,731.9,5,2,3,Potential Loyalists
16491,46,1,731.5,3,2,3,Need Attention
14778,126,2,730.86,2,3,3,At Risk
18035,35,3,730.4,3,4,3,Need Attention
12468,187,2,729.5400000000001,1,2,3,Hibernating
13077,0,4,729.27,5,4,3,Loyal Customers
17666,3,2,728.16,5,3,3,Potential Loyalists
17888,20,8,726.05,4,5,3,Loyal Customers
14869,8,2,725.7,5,3,3,Potential Loyalists
14055,105,1,725.6400000000001,2,1,3,Hibernating
16140,65,2,725.18,3,3,3,Need Attention
15584,23,4,725.11,4,4,3,Loyal Customers
12723,3,5,725.07,5,4,3,Loyal Customers
15636,89,2,724.76,2,3,3,At Risk
12475,53,1,723.38,3,1,3,Need Attention
17521,29,3,723.2099999999999,4,4,3,Loyal Customers
15272,56,2,721.94,3,3,3,Need Attention
18062,172,3,720.52,2,4,3,At Risk
16023,45,3,719.81,3,4,3,Need Attention
14179,40,2,719.78,3,3,3,Need Attention
14725,24,1,718.08,4,1,3,Potential Loyalists
17884,3,4,717.45,5,4,3,Loyal Customers
15274,3,2,716.57,5,3,3,Potential Loyalists
12535,91,2,716.35,2,2,3,Hibernating
15400,91,5,716.2,2,4,3,At Risk
17029,110,2,716.0,2,3,3,At Risk
15330,31,2,714.96,4,3,3,Potential Loyalists
15757,65,2,714.42,3,3,3,Need Attention
12616,94,2,713.3,2,2,3,Hibernating
13169,63,2,712.88,3,2,3,Need Attention
13147,9,4,712.8000000000001,5,4,3,Loyal Customers
17761,32,1,712.78,4,2,3,Potential Loyalists
13416,43,2,712.5,3,2,3,Need Attention
13587,63,1,712.4,3,1,3,Need Attention
17642,119,2,712.29,2,3,3,At Risk
15855,136,5,712.24,2,4,3,At Risk
13705,7,3,711.86,5,3,3,Potential Loyalists
17179,177,3,711.79,2,4,3,At Risk
13249,91,3,711.41,2,3,3,At Risk
17472,190,3,710.29,1,4,3,At Risk
14867,185,3,710.28,1,3,3,At Risk
14127,122,3,709.71,2,3,3,At Risk
16136,59,3,709.38,3,4,3,Need Attention
15951,8,2,708.22,5,3,3,Potential Loyalists
16449,197,2,707.69,1,3,3,At Risk
12453,133,1,707.09,2,1,3,Hibernating
16364,11,2,707.04,5,3,3,Potential Loyalists
16309,105,2,706.57,2,3,3,At Risk
14880,76,3,706.19,2,3,3,At Risk
14126,7,3,706.1300000000001,5,3,3,Potential Loyalists
15038,58,6,705.49,3,5,3,Need Attention
16015,3,3,705.39,5,4,3,Loyal Customers
16882,66,3,705.12,3,4,3,Need Attention
17934,51,2,704.25,3,3,3,Need Attention
12612,73,1,704.0400000000001,2,1,3,Hibernating
12883,24,4,703.47,4,4,3,Loyal Customers
18082,25,1,703.37,4,2,3,Potential Loyalists
15103,30,2,703.36,4,3,3,Potential Loyalists
15574,177,4,702.25,2,4,3,At Risk
16997,287,3,702.0,1,4,3,At Risk
14198,17,4,701.4,4,4,3,Loyal Customers
14356,79,2,701.23,2,3,3,At Risk
17321,7,2,700.86,5,3,3,Potential Loyalists
13238,16,4,700.73,4,4,3,Loyal Customers
17734,53,3,700.63,3,4,3,Need Attention
15800,106,2,699.08,2,3,3,At Risk
13258,11,3,698.58,5,3,3,Potential Loyalists
17423,45,2,698.41,3,3,3,Need Attention
17796,39,4,697.9,3,4,3,Need Attention
15053,4,3,697.79,5,3,3,Potential Loyalists
14829,28,4,697.55,4,4,3,Loyal Customers
13596,5,2,697.04,5,2,3,Potential Loyalists
15700,171,2,696.68,2,3,3,At Risk
17397,21,2,696.41,4,3,3,Potential Loyalists
14009,197,2,695.61,1,3,3,At Risk
14959,63,4,695.42,3,4,3,Need Attention
15304,60,8,694.4000000000001,3,5,3,Need Attention
12925,4,2,694.05,5,2,3,Potential Loyalists
14643,169,2,693.8100000000001,2,3,3,At Risk
12410,308,2,693.3299999999999,1,2,3,Hibernating
13601,44,2,693.32,3,2,3,Need Attention
14111,13,4,692.85,4,4,3,Loyal Customers
17198,23,3,692.22,4,4,3,Loyal Customers
17733,38,2,692.19,3,3,3,Need Attention
13838,5,4,691.73,5,4,3,Loyal Customers
16212,18,2,690.34,4,3,3,Potential Loyalists
18085,329,2,689.95,1,3,3,At Risk
13023,63,2,689.9,3,2,3,Need Attention
15181,65,3,689.4799999999999,3,3,3,Need Attention
18196,94,2,689.13,2,3,3,At Risk
17502,8,4,689.1,5,4,3,Loyal Customers
13799,116,2,688.86,2,2,3,Hibernating
16642,4,2,688.33,5,3,3,Potential Loyalists
12658,18,1,686.05,4,1,3,Potential Loyalists
16122,72,4,684.4200000000001,2,4,3,At Risk
16495,2,3,684.41,5,4,3,Loyal Customers
15669,39,4,684.34,3,4,3,Need Attention
12942,130,3,683.9,2,3,3,At Risk
17874,184,6,683.46,1,5,3,At Risk
14222,176,1,683.17,2,1,3,Hibernating
12838,33,2,683.13,3,2,3,Need Attention
15582,24,3,682.9100000000001,4,3,3,Potential Loyalists
13548,95,2,682.41,2,2,3,Hibernating
18135,28,5,681.9100000000001,4,4,3,Loyal Customers
12478,3,1,680.99,5,1,3,New Customers
13524,40,5,680.1800000000001,3,4,3,Need Attention
16872,76,3,680.02,2,4,3,At Risk
15322,85,1,679.68,2,1,3,Hibernating
13430,18,2,679.45,4,2,3,Potential Loyalists
14788,6,2,679.4399999999999,5,3,3,Potential Loyalists
17994,121,4,678.49,2,4,3,At Risk
13925,92,4,678.25,2,4,3,At Risk
13607,39,1,678.01,3,1,3,Need Attention
13388,130,2,677.1,2,2,3,Hibernating
13040,8,2,676.99,5,2,3,Potential Loyalists
16377,266,1,676.2,1,2,3,Hibernating
15626,74,2,675.8,2,3,3,At Risk
17462,59,2,675.69,3,3,3,Need Attention
13325,81,1,675.3,2,1,3,Hibernating
16418,44,3,675.27,3,4,3,Need Attention
13355,121,1,674.7,2,1,3,Hibernating
13464,57,1,674.68,3,1,3,Need Attention
17749,177,2,674.52,2,3,3,At Risk
13951,175,3,674.45,2,3,3,At Risk
14504,46,4,673.26,3,4,3,Need Attention
18121,148,2,673.1,2,3,3,At Risk
14628,90,2,671.96,2,3,3,At Risk
17883,2,4,671.77,5,4,3,Loyal Customers
12638,32,1,671.69,4,1,3,Potential Loyalists
17299,11,4,669.11,5,4,3,Loyal Customers
12418,112,1,668.58,2,1,3,Hibernating
14342,20,4,668.5600000000001,4,4,3,Loyal Customers
13741,71,3,668.4300000000001,3,3,3,Need Attention
16383,74,2,668.36,2,3,3,At Risk
15031,3,4,668.14,5,4,3,Loyal Customers
18022,35,1,668.11,3,2,3,Need Attention
16268,70,2,667.65,3,3,3,Need Attention
15969,2,3,666.1,5,4,3,Loyal Customers
17777,24,3,665.86,4,4,3,Loyal Customers
17105,158,2,665.78,2,3,3,At Risk
16056,44,1,664.85,3,2,3,Need Attention
13963,307,4,664.54,1,4,3,At Risk
16208,44,2,664.26,3,3,3,Need Attention
15643,191,3,664.0,1,3,3,At Risk
14720,5,3,663.81,5,3,3,Potential Loyalists
13240,95,4,663.65,2,4,3,At Risk
16573,84,2,663.61,2,3,3,At Risk
14451,59,2,662.59,3,3,3,Need Attention
16014,37,3,662.38,3,4,3,Need Attention
18218,210,2,662.08,1,3,3,At Risk
16774,67,4,661.52,3,4,3,Need Attention
13028,22,2,661.3199999999999,4,2,3,Potential Loyalists
14603,274,1,660.0,1,1,3,Hibernating
15492,27,2,659.4599999999999,4,3,3,Potential Loyalists
13518,85,1,659.4399999999999,2,1,3,Hibernating
13759,32,2,659.4100000000001,4,2,3,Potential Loyalists
16357,32,3,658.88,4,4,3,Loyal Customers
14150,35,2,658.64,3,3,3,Need Attention
17779,20,3,658.57,4,4,3,Loyal Customers
16696,134,4,657.9000000000001,2,4,3,At Risk
12577,34,3,657.8,3,3,3,Need Attention
14818,73,3,657.8,2,3,3,At Risk
15648,203,2,657.35,1,3,3,At Risk
17459,42,2,657.3,3,3,3,Need Attention
15677,48,1,657.23,3,1,3,Need Attention
16157,15,3,656.69,4,4,3,Loyal Customers
13049,63,2,656.6800000000001,3,2,3,Need Attention
16708,45,1,656.63,3,2,3,Need Attention
16127,38,1,656.25,3,2,3,Need Attention
14894,84,1,655.75,2,1,3,Hibernating
16444,45,4,654.67,3,4,3,Need Attention
14651,66,2,654.6,3,3,3,Need Attention
17398,114,3,653.38,2,4,3,At Risk
18151,134,2,653.35,2,3,3,At Risk
13496,10,2,653.33,5,2,3,Potential Loyalists
15205,84,2,653.24,2,3,3,At Risk
14044,26,4,652.82,4,4,3,Loyal Customers
14548,150,2,652.8,2,3,3,At Risk
17523,10,4,652.74,5,4,3,Loyal Customers
14034,21,3,651.8199999999999,4,3,3,Potential Loyalists
16734,51,3,650.51,3,4,3,Need Attention
15571,11,4,650.4300000000001,5,4,3,Loyal Customers
16469,23,4,650.43,4,4,3,Loyal Customers
16969,38,3,650.41,3,4,3,Need Attention
17373,39,4,646.92,3,4,3,Need Attention
12589,28,2,646.68,4,2,3,Potential Loyalists
15651,36,3,646.3,3,3,3,Need Attention
17545,42,3,645.96,3,4,3,Need Attention
14855,118,2,645.65,2,3,3,At Risk
12719,4,2,644.95,5,2,3,Potential Loyalists
17312,138,3,644.3,2,4,3,At Risk
16431,212,3,642.81,1,4,3,At Risk
14020,16,2,642.8,4,3,3,Potential Loyalists
13034,54,2,642.77,3,2,3,Need Attention
15384,169,2,642.41,2,3,3,At Risk
17046,156,1,642.02,2,2,3,Hibernating
15297,9,3,641.94,5,3,3,Potential Loyalists
12365,290,2,641.38,1,2,3,Hibernating
12624,105,2,641.13,2,2,3,Hibernating
13417,4,2,640.83,5,2,3,Potential Loyalists
13318,0,3,640.76,5,3,3,Potential Loyalists
12631,56,1,640.5,3,1,3,Need Attention
14301,116,1,640.14,2,1,3,Hibernating
15919,19,2,639.89,4,3,3,Potential Loyalists
17515,30,4,639.02,4,4,3,Loyal Customers
18160,56,2,638.0600000000001,3,3,3,Need Attention
14754,44,2,638.05,3,3,3,Need Attention
14664,19,2,637.89,4,3,3,Potential Loyalists
14128,60,2,637.5,3,3,3,Need Attention
14481,164,2,636.51,2,3,3,At Risk
15829,98,2,636.14,2,3,3,At Risk
15773,5,1,635.6800000000001,5,2,3,Potential Loyalists
14000,210,1,635.66,1,1,3,Hibernating
16139,18,3,635.41,4,4,3,Loyal Customers
17985,21,1,634.95,4,2,3,Potential Loyalists
13892,26,4,632.97,4,4,3,Loyal Customers
14220,246,2,632.4,1,3,3,At Risk
16306,213,6,632.27,1,5,3,At Risk
18183,226,2,632.07,1,3,3,At Risk
13822,5,2,632.0,5,2,3,Potential Loyalists
14021,154,3,631.9,2,3,3,At Risk
15244,64,2,631.57,3,3,3,Need Attention
13539,85,3,631.34,2,3,3,At Risk
17990,236,3,630.84,1,4,3,At Risk
13046,30,2,629.31,4,2,3,Potential Loyalists
13525,14,2,628.78,4,2,3,Potential Loyalists
14687,106,1,628.38,2,1,3,Hibernating
16022,259,1,628.28,1,2,3,Hibernating
15028,7,4,627.13,5,4,3,Loyal Customers
13546,11,3,626.99,5,3,3,Potential Loyalists
15402,148,2,626.77,2,3,3,At Risk
14036,284,1,626.65,1,1,3,Hibernating
13914,11,2,626.45,5,2,3,Potential Loyalists
14382,25,1,626.0699999999999,4,1,3,Potential Loyalists
16750,44,5,623.93,3,4,3,Need Attention
16718,368,1,623.75,1,2,3,Hibernating
12649,106,3,623.51,2,3,3,At Risk
15147,239,1,623.5,1,1,3,Hibernating
13368,256,2,623.4,1,2,3,Hibernating
15258,168,2,623.16,2,3,3,At Risk
17499,289,1,622.88,1,2,3,Hibernating
15182,153,2,622.85,2,3,3,At Risk
17460,93,6,622.4300000000001,2,5,3,At Risk
15768,115,3,621.8299999999999,2,4,3,At Risk
18217,28,2,621.75,4,3,3,Potential Loyalists
16915,8,6,621.6800000000001,5,5,3,Loyal Customers
17640,86,1,621.66,2,2,3,Hibernating
14152,74,2,621.29,2,3,3,At Risk
13402,126,2,621.23,2,2,3,Hibernating
16141,87,1,620.4,2,2,3,Hibernating
12667,57,1,620.13,3,1,3,Need Attention
14529,59,3,620.04,3,3,3,Need Attention
13493,274,2,618.63,1,2,3,Hibernating
16613,69,1,618.59,3,2,3,Need Attention
13145,39,4,618.52,3,4,3,Need Attention
12596,50,2,618.27,3,2,3,Need Attention
13301,103,4,618.09,2,4,3,At Risk
16134,21,2,618.09,4,3,3,Potential Loyalists
14593,21,3,617.99,4,3,3,Potential Loyalists
14377,190,2,617.05,1,3,3,At Risk
16442,1,3,616.79,5,4,3,Loyal Customers
16311,17,2,616.26,4,3,3,Potential Loyalists
14905,157,2,616.15,2,3,3,At Risk
16005,11,4,615.39,5,4,3,Loyal Customers
15275,37,1,615.14,3,1,3,Need Attention
16566,14,5,614.66,4,4,3,Loyal Customers
16116,211,1,612.78,1,2,3,Hibernating
12513,112,1,612.29,2,1,3,Hibernating
18149,50,3,612.0799999999999,3,4,3,Need Attention
15232,112,2,612.06,2,3,3,At Risk
15645,18,1,612.01,4,1,3,Potential Loyalists
16109,218,2,611.88,1,3,3,At Risk
16763,198,1,611.85,1,2,3,Hibernating
13731,218,2,610.59,1,2,3,Hibernating
12673,4,2,610.52,5,2,3,Potential Loyalists
15795,149,1,610.01,2,2,3,Hibernating
13357,256,1,609.95,1,1,3,Hibernating
14636,35,2,609.85,3,3,3,Need Attention
13933,108,2,608.7900000000001,2,2,3,Hibernating
12933,23,3,607.53,4,3,3,Potential Loyalists
15573,31,2,607.45,4,3,3,Potential Loyalists
17119,2,2,606.91,5,3,3,Potential Loyalists
14710,13,4,606.13,4,4,3,Loyal Customers
17849,217,4,605.8000000000001,1,4,3,At Risk
14133,129,3,605.64,2,3,3,At Risk
13888,119,2,605.63,2,2,3,Hibernating
17507,261,2,605.58,1,3,3,At Risk
13233,73,2,605.12,2,2,3,Hibernating
14323,114,2,605.0600000000001,2,3,3,At Risk
13558,5,4,605.06,5,4,3,Loyal Customers
14675,15,1,604.75,4,1,3,Potential Loyalists
17664,18,2,604.64,4,3,3,Potential Loyalists
12944,35,2,604.51,3,2,3,Need Attention
16732,31,1,603.75,4,2,3,Potential Loyalists
12556,49,2,603.71,3,2,3,Need Attention
12707,291,1,603.42,1,1,3,Hibernating
17259,147,2,603.37,2,3,3,At Risk
15366,74,2,602.51,2,3,3,At Risk
17890,322,2,602.09,1,3,3,At Risk
12654,10,5,601.98,5,4,3,Loyal Customers
14609,71,4,601.56,3,4,3,Need Attention
16654,140,4,601.27,2,4,3,At Risk
12420,63,1,600.39,3,1,3,Need Attention
13243,202,1,600.07,1,1,3,Hibernating
18211,25,5,600.07,4,4,3,Loyal Customers
12872,326,2,599.97,1,2,3,Hibernating
12521,142,1,599.68,2,1,3,Hibernating
14965,95,2,599.0,2,3,3,At Risk
17420,49,3,598.83,3,4,3,Need Attention
14467,17,4,598.76,4,4,3,Loyal Customers
15720,23,1,598.73,4,1,3,Potential Loyalists
13311,3,2,598.57,5,2,3,Potential Loyalists
13959,78,3,598.2,2,3,3,At Risk
16298,22,3,598.2,4,4,3,Loyal Customers
14108,30,2,597.91,4,3,3,Potential Loyalists
17864,12,3,597.5,5,4,3,Loyal Customers
16788,122,2,597.48,2,3,3,At Risk
14645,156,2,597.09,2,3,3,At Risk
15381,213,2,596.85,1,3,3,At Risk
18246,23,2,596.1,4,3,3,Potential Loyalists
17658,25,2,595.42,4,3,3,Potential Loyalists
14284,30,2,595.25,4,3,3,Potential Loyalists
16325,46,3,594.24,3,4,3,Need Attention
15442,248,1,594.0,1,1,3,Hibernating
12917,127,1,594.0,2,1,3,Hibernating
16535,4,1,593.75,5,2,3,Potential Loyalists
18232,81,4,592.97,2,4,3,At Risk
16203,58,4,592.9,3,4,3,Need Attention
14692,136,4,591.55,2,4,3,At Risk
13276,63,2,590.9300000000001,3,2,3,Need Attention
13452,258,2,590.0,1,2,3,Hibernating
13270,365,1,590.0,1,1,3,Hibernating
14882,26,2,589.7,4,3,3,Potential Loyalists
18123,23,2,589.4399999999999,4,3,3,Potential Loyalists
16723,90,2,589.15,2,3,3,At Risk
16838,196,2,588.85,1,3,3,At Risk
14338,160,2,588.22,2,3,3,At Risk
15624,116,4,588.13,2,4,3,At Risk
17351,35,3,587.15,3,4,3,Need Attention
17014,7,3,586.33,5,4,3,Loyal Customers
17360,16,3,585.79,4,4,3,Loyal Customers
12384,28,2,585.27,4,2,3,Potential Loyalists
15222,318,1,585.0,1,1,3,Hibernating
16384,89,2,584.5,2,3,3,At Risk
16072,287,1,584.3199999999999,1,2,3,Hibernating
14023,6,2,584.07,5,3,3,Potential Loyalists
13557,27,2,584.06,4,2,3,Potential Loyalists
15762,64,2,583.75,3,3,3,Need Attention
12426,194,1,582.73,1,1,3,Hibernating
13427,18,3,582.6,4,3,3,Potential Loyalists
17970,210,1,582.59,1,2,3,Hibernating
12695,6,4,582.1,5,4,3,Loyal Customers
18095,312,2,580.0500000000001,1,3,3,At Risk
16906,81,4,579.77,2,4,3,At Risk
17142,238,1,579.0,1,2,3,Hibernating
13292,38,2,578.9399999999999,3,2,3,Need Attention
17540,24,2,578.9,4,3,3,Potential Loyalists
12601,189,5,577.0600000000001,1,4,3,At Risk
14176,296,4,576.9000000000001,1,4,3,At Risk
16916,23,2,576.26,4,3,3,Potential Loyalists
15830,37,1,576.0,3,2,3,Need Attention
15550,3,4,575.63,5,4,3,Loyal Customers
16345,43,1,575.41,3,2,3,Need Attention
13487,57,3,575.4,3,3,3,Need Attention
14167,38,4,574.84,3,4,3,Need Attention
14400,148,1,574.7,2,1,3,Hibernating
12784,8,2,574.42,5,2,3,Potential Loyalists
15339,65,2,574.07,3,3,3,Need Attention
15303,289,1,574.02,1,1,3,Hibernating
12879,44,3,573.22,3,3,3,Need Attention
15415,312,1,572.8100000000001,1,1,3,Hibernating
13379,25,3,572.56,4,3,3,Potential Loyalists
13405,73,3,572.451,2,3,3,At Risk
12816,95,2,572.2,2,2,3,Hibernating
13816,23,2,571.6700000000001,4,2,3,Potential Loyalists
17616,173,3,571.1999999999999,2,4,3,At Risk
15821,43,2,570.96,3,3,3,Need Attention
15315,63,2,570.5,3,3,3,Need Attention
14592,34,3,570.46,3,3,3,Need Attention
16667,67,2,570.13,3,3,3,Need Attention
13939,22,3,568.55,4,3,3,Potential Loyalists
13321,71,2,567.36,3,2,3,Need Attention
17897,172,3,566.6,2,4,3,At Risk
18150,31,3,566.58,4,4,3,Loyal Customers
16278,99,1,566.38,2,2,3,Hibernating
13894,23,3,564.62,4,3,3,Potential Loyalists
15344,0,3,563.94,5,3,3,Potential Loyalists
16933,0,2,563.23,5,3,3,Potential Loyalists
14753,86,1,563.15,2,1,3,Hibernating
17265,138,2,562.9,2,3,3,At Risk
12414,216,3,562.41,1,3,3,At Risk
12559,310,2,561.71,1,2,3,Hibernating
13946,78,3,561.5699999999999,2,3,3,At Risk
15655,242,1,560.67,1,1,3,Hibernating
13044,290,1,560.47,1,1,3,Hibernating
14273,50,4,559.97,3,4,3,Need Attention
16275,196,1,559.87,1,2,3,Hibernating
18043,24,3,559.51,4,4,3,Loyal Customers
14177,85,4,559.41,2,4,3,At Risk
12866,282,1,559.12,1,1,3,Hibernating
17503,2,2,558.96,5,3,3,Potential Loyalists
12987,73,2,558.7,2,2,3,Hibernating
13800,309,1,558.32,1,1,3,Hibernating
13260,60,1,557.62,3,1,3,Need Attention
17955,198,4,557.3,1,4,3,At Risk
17295,28,3,556.95,4,4,3,Loyal Customers
16385,59,3,555.89,3,4,3,Need Attention
14805,14,4,554.65,4,4,3,Loyal Customers
14891,147,2,554.38,2,3,3,At Risk
14618,8,3,553.44,5,3,3,Potential Loyalists
15068,45,2,553.36,3,3,3,Need Attention
12363,109,2,552.0,2,2,3,Hibernating
17674,73,2,551.04,2,3,3,At Risk
17291,307,1,550.8000000000001,1,2,3,Hibernating
17235,24,2,550.06,4,3,3,Potential Loyalists
12390,79,1,549.84,2,1,3,Hibernating
16340,106,1,549.07,2,2,3,Hibernating
16536,109,1,548.97,2,2,3,Hibernating
16031,91,2,548.94,2,3,3,At Risk
14474,45,1,547.66,3,1,3,Need Attention
16811,4,2,547.07,5,3,3,Potential Loyalists
17637,30,2,547.0600000000001,4,3,3,Potential Loyalists
16211,88,1,547.02,2,2,3,Hibernating
17520,53,1,546.81,3,2,3,Need Attention
12743,133,2,546.43,2,2,3,Hibernating
14997,45,3,546.1999999999999,3,3,3,Need Attention
17806,10,1,546.04,5,2,3,Potential Loyalists
12793,334,2,545.48,1,2,3,Hibernating
16475,87,4,544.3,2,4,3,At Risk
13617,39,3,544.18,3,3,3,Need Attention
13390,74,1,544.08,2,1,3,Hibernating
16927,115,3,543.05,2,4,3,At Risk
13278,40,1,542.73,3,1,3,Need Attention
16230,189,2,542.03,1,3,3,At Risk
17447,39,2,541.53,3,3,3,Need Attention
17557,13,3,541.46,4,4,3,Loyal Customers
13874,357,1,540.45,1,1,3,Hibernating
13812,41,3,539.0,3,3,3,Need Attention
14496,311,2,538.8100000000001,1,3,3,At Risk
15452,29,3,538.73,4,3,3,Potential Loyalists
15469,49,2,538.55,3,3,3,Need Attention
15539,6,1,538.46,5,1,3,New Customers
17062,313,4,538.37,1,4,3,At Risk
17345,14,4,537.74,4,4,3,Loyal Customers
14539,15,2,537.48,4,3,3,Potential Loyalists
16206,54,4,537.0600000000001,3,4,3,Need Attention
15043,30,1,537.0,4,1,3,Potential Loyalists
16804,22,3,536.99,4,4,3,Loyal Customers
16233,70,3,536.6800000000001,3,4,3,Need Attention
15535,172,4,536.4,2,4,3,At Risk
16142,249,1,535.34,1,2,3,Hibernating
12988,291,1,535.32,1,1,3,Hibernating
13000,106,3,534.85,2,3,3,At Risk
13385,329,1,534.57,1,1,3,Hibernating
17443,219,1,534.24,1,2,3,Hibernating
13434,73,2,534.24,2,2,3,Hibernating
13217,121,3,533.98,2,3,3,At Risk
15433,213,2,533.3,1,3,3,At Risk
15756,60,4,532.96,3,4,3,Need Attention
15825,171,1,532.94,2,2,3,Hibernating
16706,36,3,531.35,3,4,3,Need Attention
14265,108,2,530.18,2,3,3,At Risk
18159,300,1,530.15,1,2,3,Hibernating
14002,133,2,529.73,2,3,3,At Risk
14463,97,3,529.62,2,3,3,At Risk
16185,16,2,529.41,4,3,3,Potential Loyalists
17631,1,3,528.33,5,4,3,Loyal Customers
16602,35,1,528.08,3,2,3,Need Attention
12479,10,1,527.2,5,1,3,New Customers
17623,32,1,527.0500000000001,4,2,3,Potential Loyalists
18252,50,2,526.67,3,3,3,Need Attention
16892,0,5,525.54,5,4,3,Loyal Customers
17290,3,2,525.24,5,3,3,Potential Loyalists
17429,127,3,524.9200000000001,2,4,3,At Risk
15467,8,3,524.88,5,3,3,Potential Loyalists
15891,226,1,524.52,1,2,3,Hibernating
13721,35,1,524.14,3,1,3,Need Attention
17329,13,2,523.11,4,3,3,Potential Loyalists
18017,80,3,523.0,2,4,3,At Risk
17712,44,1,522.91,3,2,3,Need Attention
14871,2,4,522.38,5,4,3,Loyal Customers
12863,51,1,521.2,3,1,3,Need Attention
15149,133,1,520.8000000000001,2,1,3,Hibernating
14873,209,1,519.68,1,1,3,Hibernating
12571,39,2,519.61,3,2,3,Need Attention
13643,30,3,519.44,4,3,3,Potential Loyalists
16955,184,4,518.67,1,4,3,At Risk
16650,71,1,518.42,3,2,3,Need Attention
15030,71,2,518.28,3,3,3,Need Attention
16135,262,1,517.55,1,2,3,Hibernating
17454,191,4,517.53,1,4,3,At Risk
18205,35,2,517.36,3,3,3,Need Attention
13043,272,1,516.42,1,1,3,Hibernating
15882,198,4,516.36,1,4,3,At Risk
15809,35,5,515.77,3,4,3,Need Attention
12811,260,3,514.85,1,3,3,At Risk
15246,237,2,514.15,1,3,3,At Risk
13005,173,2,513.7,2,2,3,Hibernating
17513,71,1,513.2,3,2,3,Need Attention
17805,73,1,512.31,2,2,3,Hibernating
17480,77,1,511.82,2,2,3,Hibernating
12582,238,2,511.36,1,2,3,Hibernating
14851,22,2,511.35,4,3,3,Potential Loyalists
16561,5,2,511.12,5,3,3,Potential Loyalists
15406,30,2,510.71000000000004,4,3,3,Potential Loyalists
12904,17,2,509.58,4,2,3,Potential Loyalists
12436,99,1,509.01,2,1,3,Hibernating
16898,25,3,508.81,4,4,3,Loyal Customers
17391,163,2,508.8,2,3,3,At Risk
15417,84,1,508.8,2,1,3,Hibernating
14317,64,1,508.58000000000004,3,1,3,Need Attention
17958,116,1,508.4599999999999,2,2,3,Hibernating
17415,79,1,507.84,2,2,3,Hibernating
14158,39,1,507.66,3,1,3,Need Attention
14820,20,4,507.29,4,4,3,Loyal Customers
15721,11,1,507.08,5,1,3,New Customers
16960,38,3,507.05,3,4,3,Need Attention
13885,188,2,506.8,1,2,3,Hibernating
16614,182,1,506.19,1,2,3,Hibernating
14014,76,1,505.18,2,1,3,Hibernating
15081,21,5,504.8,4,4,3,Loyal Customers
12991,22,2,503.76,4,2,3,Potential Loyalists
17630,169,2,503.59999999999997,2,3,3,At Risk
16863,30,2,502.8,4,3,3,Potential Loyalists
15006,50,1,502.09,3,1,3,Need Attention
13865,57,4,501.56,3,4,3,Need Attention
15881,311,5,501.39000000000004,1,4,3,At Risk
13116,137,1,501.14,2,1,3,Hibernating
13247,17,4,501.12,4,4,3,Loyal Customers
16616,14,2,500.42,4,3,3,Potential Loyalists
15389,171,1,500.0,2,1,3,Hibernating
14958,146,3,499.68,2,3,3,At Risk
14077,40,5,499.41999999999996,3,4,3,Need Attention
15193,60,1,499.32,3,1,3,Need Attention
14681,70,3,498.95,3,3,3,Need Attention
16488,32,3,498.8,4,4,3,Loyal Customers
15142,45,1,498.74,3,1,3,Need Attention
17053,130,1,498.48,2,2,3,Hibernating
17298,100,2,498.42,2,3,3,At Risk
16820,95,1,497.61,2,2,3,Hibernating
17495,7,2,497.56,5,3,3,Potential Loyalists
16368,1,2,497.43,5,3,3,Potential Loyalists
15300,63,1,496.44,3,1,3,Need Attention
15018,38,3,496.21000000000004,3,3,3,Need Attention
17374,218,2,495.77,1,3,3,At Risk
15448,312,1,494.64,1,1,3,Hibernating
16352,17,2,494.44,4,3,3,Potential Loyalists
17333,85,1,494.25,2,2,3,Hibernating
12763,137,2,494.08,2,2,3,Hibernating
15877,1,2,493.28,5,3,3,Potential Loyalists
13176,45,1,492.84,3,1,3,Need Attention
14270,331,1,492.65000000000003,1,1,3,Hibernating
15507,171,1,492.36,2,1,3,Hibernating
13732,27,1,491.86,4,1,3,Potential Loyalists
14236,80,2,490.86,2,3,3,At Risk
15000,47,1,490.52,3,1,3,Need Attention
14416,21,2,490.22,4,3,3,Potential Loyalists
18074,373,1,489.6,1,2,2,Lost
12809,177,1,489.31,2,1,2,Hibernating
17361,48,3,488.2,3,4,2,Need Attention
14396,64,2,487.99,3,3,2,Need Attention
15165,372,1,487.75,1,1,2,Lost
16643,245,1,487.51,1,2,2,Lost
13338,157,1,487.02,2,1,2,Hibernating
13675,150,2,486.82000000000005,2,2,2,Hibernating
17453,17,2,486.71999999999997,4,3,2,Potential Loyalists
15287,21,2,486.69,4,3,2,Potential Loyalists
13153,5,1,486.22,5,1,2,New Customers
12639,238,1,486.1,1,1,2,Lost
15109,245,1,484.95,1,1,2,Lost
16999,22,2,484.82,4,3,2,Potential Loyalists
16504,24,1,484.38,4,2,2,Potential Loyalists
16518,60,2,484.32,3,3,2,Need Attention
14130,318,1,483.86,1,1,2,Lost
13531,204,2,483.8,1,2,2,Lost
12808,36,3,483.65000000000003,3,3,2,Need Attention
14147,77,2,483.4,2,3,2,At Risk
17555,19,2,483.26,4,3,2,Potential Loyalists
14450,180,3,483.25,1,3,2,At Risk
16603,74,2,482.47,2,3,2,At Risk
17950,71,3,482.2,3,4,2,Need Attention
12504,17,2,482.04999999999995,4,2,2,Potential Loyalists
16693,68,2,482.01,3,3,2,Need Attention
18216,30,1,481.75,4,2,2,Potential Loyalists
15091,67,1,480.71,3,1,2,Need Attention
16812,360,1,479.35,1,2,2,Lost
16008,23,3,478.78,4,4,2,Loyal Customers
15589,255,3,478.53000000000003,1,3,2,At Risk
16768,47,3,478.09000000000003,3,4,2,Need Attention
12644,129,1,477.91,2,1,2,Hibernating
13092,70,5,477.83,3,4,2,Need Attention
14320,206,2,477.79,1,3,2,At Risk
12447,242,1,476.49,1,1,2,Lost
18176,357,1,476.35,1,2,2,Lost
14853,23,2,475.8,4,3,2,Potential Loyalists
14497,308,1,475.37,1,1,2,Lost
15780,183,3,475.28000000000003,1,4,2,At Risk
15349,157,2,473.81,2,3,2,At Risk
15557,28,1,473.65000000000003,4,1,2,Potential Loyalists
16374,65,2,473.03000000000003,3,3,2,Need Attention
14013,109,3,473.02,2,3,2,At Risk
16038,7,3,471.78000000000003,5,4,2,Loyal Customers
17964,31,2,471.7,4,3,2,Potential Loyalists
16885,14,3,471.51,4,4,2,Loyal Customers
13066,23,2,470.8,4,2,2,Potential Loyalists
15963,19,2,470.76,4,3,2,Potential Loyalists
14431,302,1,470.36,1,1,2,Lost
15471,1,1,469.48,5,1,2,New Customers
15026,79,3,469.0,2,3,2,At Risk
14896,204,2,468.77000000000004,1,3,2,At Risk
13171,21,3,468.41,4,3,2,Potential Loyalists
14335,15,2,468.26,4,3,2,Potential Loyalists
14029,62,2,467.66,3,3,2,Need Attention
15468,50,2,467.51,3,3,2,Need Attention
13579,14,2,467.04,4,2,2,Potential Loyalists
14205,16,2,466.7,4,3,2,Potential Loyalists
13248,124,2,465.68,2,2,2,Hibernating
15036,71,3,465.55,3,3,2,Need Attention
17140,246,1,465.32,1,2,2,Lost
16742,46,1,464.9,3,2,2,Need Attention
13928,10,4,464.57,5,4,2,Loyal Customers
16586,248,1,463.95,1,2,2,Lost
14967,49,1,463.8,3,1,2,Need Attention
12787,9,3,463.66,5,3,2,Potential Loyalists
17418,41,2,463.46000000000004,3,3,2,Need Attention
14489,206,1,463.38,1,1,2,Lost
12945,287,1,462.95,1,1,2,Lost
14331,123,2,462.65999999999997,2,3,2,At Risk
14470,11,2,461.19,5,3,2,Potential Loyalists
12391,21,1,460.89,4,1,2,Potential Loyalists
16824,15,2,460.64,4,3,2,Potential Loyalists
16805,173,2,460.59,2,3,2,At Risk
12491,38,1,460.40000000000003,3,1,2,Need Attention
12355,213,1,459.4,1,1,2,Lost
16589,70,3,459.24,3,4,2,Need Attention
17880,364,1,458.92,1,2,2,Lost
15754,50,3,458.57,3,3,2,Need Attention
13506,315,2,458.52,1,2,2,Lost
17392,306,2,457.91,1,3,2,At Risk
15092,214,2,457.81,1,3,2,At Risk
15121,49,2,457.72,3,3,2,Need Attention
12375,10,2,457.5,5,2,2,Potential Loyalists
13398,191,1,457.34,1,1,2,Lost
12564,260,1,456.9,1,1,2,Lost
12999,195,3,455.88,1,3,2,At Risk
14513,100,3,455.59000000000003,2,3,2,At Risk
15585,176,1,455.3,2,1,2,Hibernating
16529,189,1,455.25,1,2,2,Lost
13485,232,1,454.24,1,1,2,Lost
15475,76,1,454.10999999999996,2,1,2,Hibernating
17564,23,3,454.01,4,4,2,Loyal Customers
18158,8,2,453.4,5,3,2,Potential Loyalists
12729,113,1,453.01,2,1,2,Hibernating
18071,257,2,453.0,1,3,2,At Risk
14184,66,1,452.89,3,1,2,Need Attention
12591,316,1,452.84999999999997,1,1,2,Lost
12970,6,4,452.24,5,4,2,Loyal Customers
16574,70,1,451.44,3,2,2,Need Attention
15802,142,1,451.42,2,2,2,Hibernating
14173,10,4,450.84,5,4,2,Loyal Customers
17040,137,1,449.73,2,2,2,Hibernating
13489,104,4,449.52,2,4,2,At Risk
12448,43,1,449.45,3,1,2,Need Attention
15739,65,1,449.12,3,1,2,Need Attention
17579,4,3,448.90000000000003,5,4,2,Loyal Customers
14780,54,2,447.68,3,3,2,Need Attention
15646,157,3,447.64000000000004,2,3,2,At Risk
15456,282,3,447.22,1,3,2,At Risk
15368,20,1,446.94000000000005,4,1,2,Potential Loyalists
15889,156,2,446.87,2,3,2,At Risk
14149,220,1,446.62,1,1,2,Lost
17370,72,4,446.18,2,4,2,At Risk
17190,58,2,444.74,3,3,2,Need Attention
18006,22,1,444.68,4,2,2,Potential Loyalists
14638,50,1,443.6,3,1,2,Need Attention
16404,69,1,443.05,3,2,2,Need Attention
18222,92,1,443.0,2,2,2,Hibernating
14093,11,1,442.85,5,1,2,New Customers
12579,77,1,440.42,2,1,2,Hibernating
14022,224,1,440.0,1,1,2,Lost
15524,24,1,440.0,4,1,2,Potential Loyalists
18233,325,1,440.0,1,2,2,Lost
13954,1,2,439.92,5,3,2,Potential Loyalists
16025,29,1,439.65999999999997,4,2,2,Potential Loyalists
13359,63,1,439.56,3,1,2,Need Attention
16968,3,2,439.43,5,3,2,Potential Loyalists
13358,268,1,439.03,1,1,2,Lost
14272,73,2,437.96,2,3,2,At Risk
12552,38,2,437.82,3,2,2,Need Attention
16034,195,3,437.7,1,4,2,At Risk
12592,91,2,437.6,2,2,2,Hibernating
15553,59,1,437.23,3,1,2,Need Attention
16084,298,1,436.18,1,2,2,Lost
15551,36,1,436.06,3,1,2,Need Attention
16948,138,3,435.02,2,4,2,At Risk
14910,2,4,434.35,5,4,2,Loyal Customers
14460,109,3,434.34,2,3,2,At Risk
12493,165,2,433.74,2,2,2,Hibernating
17035,245,2,433.53000000000003,1,3,2,At Risk
14157,19,2,432.88,4,3,2,Potential Loyalists
16236,77,1,432.2,2,2,2,Hibernating
16881,66,1,432.0,3,2,2,Need Attention
15976,164,2,430.94,2,3,2,At Risk
18106,329,1,430.7,1,2,2,Lost
12452,16,2,430.57,4,2,2,Potential Loyalists
13245,50,1,430.5,3,1,2,Need Attention
12795,18,1,430.48,4,1,2,Potential Loyalists
12827,5,3,430.15000000000003,5,3,2,Potential Loyalists
14998,169,2,429.87,2,3,2,At Risk
16884,37,2,429.84000000000003,3,3,2,Need Attention
15450,29,1,429.84,4,1,2,Potential Loyalists
15230,238,2,429.6,1,3,2,At Risk
15957,31,1,428.89,4,2,2,Potential Loyalists
13602,64,1,428.89,3,1,2,Need Attention
16324,127,3,428.68,2,4,2,At Risk
17869,106,5,428.18,2,4,2,At Risk
15360,39,1,427.93,3,1,2,Need Attention
12725,370,1,427.8,1,1,2,Lost
12403,49,1,427.7,3,1,2,Need Attention
12740,63,1,427.6,3,1,2,Need Attention
12802,186,1,427.58,1,1,2,Lost
15994,54,1,427.07,3,2,2,Need Attention
17223,309,2,426.79,1,3,2,At Risk
15930,66,1,426.63,3,2,2,Need Attention
14288,212,1,426.6,1,1,2,Lost
15639,133,1,425.32,2,1,2,Hibernating
16780,99,2,425.19,2,3,2,At Risk
17134,106,2,425.0,2,3,2,At Risk
17371,16,3,423.89,4,4,2,Loyal Customers
13140,107,3,423.72,2,3,2,At Risk
16119,7,2,423.36,5,3,2,Potential Loyalists
15012,53,2,423.04,3,3,2,Need Attention
18034,21,2,422.88,4,3,2,Potential Loyalists
17525,359,1,422.70000000000005,1,2,2,Lost
13473,60,2,422.64,3,2,2,Need Attention
16689,75,2,422.59999999999997,2,3,2,At Risk
18240,45,1,422.58,3,2,2,Need Attention
17232,2,2,421.52,5,3,2,Potential Loyalists
14757,74,1,420.5,2,1,2,Hibernating
15206,9,4,420.29999999999995,5,4,2,Loyal Customers
14124,83,1,419.58000000000004,2,1,2,Hibernating
15361,361,1,418.92,1,1,2,Lost
15967,22,2,418.83,4,3,2,Potential Loyalists
12593,108,3,418.09999999999997,2,3,2,At Risk
17701,252,1,417.95,1,2,2,Lost
16629,73,2,417.73,2,3,2,At Risk
13615,318,1,417.69,1,1,2,Lost
16737,52,1,417.59999999999997,3,2,2,Need Attention
12833,144,1,417.38,2,1,2,Hibernating
18001,11,2,417.23,5,3,2,Potential Loyalists
13166,282,1,417.2,1,1,2,Lost
16816,102,4,417.06,2,4,2,At Risk
13889,92,1,416.90000000000003,2,1,2,Hibernating
15935,238,2,416.86,1,3,2,At Risk
16957,238,2,416.64,1,3,2,At Risk
13085,157,2,416.08000000000004,2,2,2,Hibernating
15803,50,1,415.82000000000005,3,2,2,Need Attention
14139,45,1,415.82,3,1,2,Need Attention
12930,77,2,415.8,2,2,2,Hibernating
12580,246,1,415.7,1,1,2,Lost
15725,14,1,415.25,4,1,2,Potential Loyalists
14333,67,1,415.2,3,1,2,Need Attention
16795,364,1,414.88,1,2,2,Lost
12993,22,4,414.76,4,4,2,Loyal Customers
16239,56,2,414.2,3,3,2,Need Attention
17483,64,3,414.04,3,4,2,Need Attention
17052,27,1,413.75,4,2,2,Potential Loyalists
13974,48,1,413.59000000000003,3,1,2,Need Attention
16834,227,1,413.46,1,2,2,Lost
14620,205,2,412.78000000000003,1,3,2,At Risk
13827,57,3,412.05,3,3,2,Need Attention
15523,83,1,412.01000000000005,2,1,2,Hibernating
16272,116,1,411.7,2,2,2,Hibernating
17913,58,2,411.6,3,3,2,Need Attention
14670,279,2,411.53,1,3,2,At Risk
15186,13,2,411.41,4,3,2,Potential Loyalists
15099,83,1,410.48,2,1,2,Hibernating
15695,266,2,409.98,1,3,2,At Risk
14048,304,1,409.93,1,1,2,Lost
14348,259,1,409.57,1,1,2,Lost
12990,30,3,409.5,4,3,2,Potential Loyalists
15225,233,1,409.40000000000003,1,1,2,Lost
16243,33,2,409.1,3,3,2,Need Attention
16018,38,2,408.90000000000003,3,3,2,Need Attention
15269,23,1,408.8,4,1,2,Potential Loyalists
16399,18,2,408.57,4,3,2,Potential Loyalists
17931,133,2,408.36,2,3,2,At Risk
16010,245,3,407.5,1,4,2,At Risk
15184,28,2,406.76,4,3,2,Potential Loyalists
15127,65,1,406.53,3,1,2,Need Attention
16947,235,1,406.48,1,2,2,Lost
15342,129,1,406.09,2,1,2,Hibernating
14616,242,3,406.08000000000004,1,3,2,At Risk
16204,22,1,405.71,4,2,2,Potential Loyalists
18036,31,3,405.62,4,4,2,Loyal Customers
12922,160,1,405.38,2,1,2,Hibernating
17379,10,1,404.66,5,2,2,Potential Loyalists
15938,111,5,404.58,2,4,2,At Risk
16319,217,1,404.40000000000003,1,2,2,Lost
16484,173,2,404.3,2,3,2,At Risk
12498,20,3,403.70000000000005,4,3,2,Potential Loyalists
17431,312,1,403.3,1,2,2,Lost
15221,365,1,403.25,1,1,2,Lost
12386,337,2,401.9,1,2,2,Lost
15158,44,1,401.40000000000003,3,1,2,Need Attention
16500,4,6,400.86,5,5,2,Loyal Customers
16198,74,1,400.68100000000004,2,2,2,Hibernating
12792,256,1,400.53999999999996,1,1,2,Lost
17375,198,3,400.1,1,4,2,At Risk
18164,36,1,399.65000000000003,3,2,2,Need Attention
13255,8,2,399.51,5,2,2,Potential Loyalists
18154,2,2,399.19,5,3,2,Potential Loyalists
15522,32,2,398.84,4,3,2,Potential Loyalists
17830,1,3,398.7,5,4,2,Loyal Customers
12508,25,2,398.27,4,2,2,Potential Loyalists
13352,59,1,397.97999999999996,3,1,2,Need Attention
15429,26,2,397.35,4,3,2,Potential Loyalists
17926,132,2,397.29,2,3,2,At Risk
12824,59,1,397.12,3,1,2,Need Attention
13594,52,1,396.97,3,1,2,Need Attention
13673,18,2,396.92,4,2,2,Potential Loyalists
17486,260,1,396.87,1,2,2,Lost
15883,1,2,396.48,5,3,2,Potential Loyalists
18067,39,1,396.33,3,2,2,Need Attention
16354,62,2,395.8,3,3,2,Need Attention
17603,77,1,394.72,2,2,2,Hibernating
14619,245,1,394.44,1,1,2,Lost
16207,24,1,394.38,4,2,2,Potential Loyalists
15386,185,1,394.14,1,1,2,Lost
15264,63,1,393.74,3,1,2,Need Attention
15345,45,1,393.54,3,1,2,Need Attention
17226,308,1,393.49,1,2,2,Lost
14600,305,1,393.33000000000004,1,1,2,Lost
15837,64,1,391.98,3,2,2,Need Attention
16917,276,1,391.52,1,2,2,Lost
12982,242,1,390.54,1,1,2,Lost
17614,56,1,390.07,3,2,2,Need Attention
17936,4,1,389.84,5,2,2,Potential Loyalists
18024,152,2,389.78,2,3,2,At Risk
14752,43,1,389.64,3,1,2,Need Attention
13873,119,3,389.6,2,3,2,At Risk
13345,287,1,389.5,1,1,2,Lost
16250,260,2,389.44,1,3,2,At Risk
15847,37,2,389.27,3,3,2,Need Attention
12690,205,1,389.01,1,1,2,Lost
17595,11,2,388.79,5,3,2,Potential Loyalists
15592,46,1,388.58,3,1,2,Need Attention
13899,15,2,388.52,4,2,2,Potential Loyalists
13856,168,3,388.5,2,3,2,At Risk
17438,253,1,388.45000000000005,1,2,2,Lost
16776,59,1,388.28,3,2,2,Need Attention
14538,64,2,388.25,3,3,2,Need Attention
17357,23,2,388.14,4,3,2,Potential Loyalists
17817,3,3,387.68,5,4,2,Loyal Customers
14420,98,1,387.52,2,1,2,Hibernating
17508,280,1,387.31,1,2,2,Lost
14114,273,2,386.53,1,3,2,At Risk
15664,50,1,386.43,3,1,2,Need Attention
14779,280,3,386.15,1,3,2,At Risk
13821,144,2,385.64,2,2,2,Hibernating
17711,10,2,385.1,5,3,2,Potential Loyalists
13919,58,2,384.81,3,2,2,Need Attention
13833,158,1,384.8,2,1,2,Hibernating
17250,3,2,384.52,5,3,2,Potential Loyalists
17189,105,2,384.40000000000003,2,3,2,At Risk
17205,53,1,384.08,3,2,2,Need Attention
16982,60,1,384.06,3,2,2,Need Attention
15048,64,4,384.05,3,4,2,Need Attention
12733,233,1,383.95,1,1,2,Lost
12515,352,1,383.7,1,1,2,Lost
15440,54,3,383.68,3,3,2,Need Attention
14304,222,1,383.45,1,1,2,Lost
15424,253,2,383.34,1,3,2,At Risk
12832,31,2,383.03,4,2,2,Potential Loyalists
13817,28,2,382.98,4,2,2,Potential Loyalists
18181,23,1,382.8,4,2,2,Potential Loyalists
17239,312,1,382.5,1,2,2,Lost
13657,10,2,382.14,5,2,2,Potential Loyalists
17999,36,2,382.06,3,3,2,Need Attention
15090,307,1,381.32,1,1,2,Lost
16441,66,2,381.2,3,3,2,Need Attention
12871,83,2,380.64,2,2,2,Hibernating
17573,28,3,380.6,4,4,2,Loyal Customers
16930,25,3,380.55,4,4,2,Loyal Customers
17138,275,1,380.5,1,2,2,Lost
12890,23,1,380.46999999999997,4,1,2,Potential Loyalists
16769,259,1,380.39,1,2,2,Lost
17031,11,2,380.35,5,3,2,Potential Loyalists
14731,46,3,380.02,3,3,2,Need Attention
14594,6,2,379.83,5,3,2,Potential Loyalists
16552,242,2,379.73,1,3,2,At Risk
13656,164,2,379.65,2,2,2,Hibernating
13589,14,2,379.65,4,2,2,Potential Loyalists
17878,43,1,379.45,3,2,2,Need Attention
15885,92,3,379.35,2,4,2,At Risk
16909,71,1,379.14,3,2,2,Need Attention
13372,89,1,378.64,2,1,2,Hibernating
17078,35,2,378.2,3,3,2,Need Attention
17736,8,3,377.44,5,4,2,Loyal Customers
15025,32,1,377.01,4,1,2,Potential Loyalists
17489,58,2,376.64,3,3,2,Need Attention
13936,179,1,376.58,1,1,2,Lost
16858,368,1,375.69000000000005,1,2,2,Lost
14448,8,2,375.35,5,3,2,Potential Loyalists
14079,124,1,375.1,2,1,2,Hibernating
16147,133,1,375.0,2,2,2,Hibernating
14067,63,2,374.7,3,3,2,Need Attention
17492,247,1,374.57,1,2,2,Lost
12873,281,1,374.0,1,1,2,Lost
13351,65,1,373.94,3,1,2,Need Attention
13569,16,2,373.75,4,2,2,Potential Loyalists
16321,71,5,373.65000000000003,3,4,2,Need Attention
16903,28,1,373.24,4,2,2,Potential Loyalists
12895,41,2,372.8,3,2,2,Need Attention
12544,35,1,372.7,3,1,2,Need Attention
12981,29,2,372.21999999999997,4,2,2,Potential Loyalists
16065,364,1,372.09,1,2,2,Lost
13300,168,1,371.89,2,1,2,Hibernating
17765,158,3,371.88,2,4,2,At Risk
14690,43,2,371.7,3,3,2,Need Attention
18155,74,3,371.62,2,4,2,At Risk
15472,112,1,371.56,2,1,2,Hibernating
14950,18,1,371.2,4,1,2,Potential Loyalists
15975,83,1,371.01,2,2,2,Hibernating
15063,212,1,370.79999999999995,1,1,2,Lost
16343,15,2,370.47999999999996,4,3,2,Potential Loyalists
15922,372,1,369.5,1,2,2,Lost
16758,64,1,369.34000000000003,3,2,2,Need Attention
14888,206,1,369.2,1,1,2,Lost
16372,32,2,367.93,4,3,2,Potential Loyalists
17911,8,1,366.23,5,2,2,Potential Loyalists
17358,302,2,365.85,1,3,2,At Risk
17432,17,2,365.76,4,3,2,Potential Loyalists
16499,359,2,365.45,1,3,2,At Risk
16202,360,1,365.27,1,2,2,Lost
14886,252,1,364.8,1,1,2,Lost
15949,16,2,364.72,4,3,2,Potential Loyalists
12373,310,1,364.6,1,1,2,Lost
15343,86,1,364.5,2,1,2,Hibernating
14528,36,1,364.21999999999997,3,1,2,Need Attention
12538,28,1,363.95,4,1,2,Potential Loyalists
17330,22,2,363.9,4,3,2,Potential Loyalists
15901,16,3,363.88,4,4,2,Loyal Customers
14171,97,1,363.79,2,1,2,Hibernating
16509,296,1,363.7,1,2,2,Lost
18056,287,1,363.65,1,2,2,Lost
12915,148,2,363.65,2,2,2,Hibernating
16485,76,1,363.65,2,2,2,Hibernating
14932,365,1,363.53,1,1,2,Lost
14427,49,2,363.34000000000003,3,3,2,Need Attention
16378,246,3,362.95,1,4,2,At Risk
16052,53,1,362.06,3,2,2,Need Attention
13844,10,1,361.62,5,1,2,New Customers
16305,138,1,361.21999999999997,2,2,2,Hibernating
13291,155,1,361.11,2,1,2,Hibernating
15872,14,2,360.93,4,3,2,Potential Loyalists
16595,60,1,360.16,3,2,2,Need Attention
13780,6,2,360.01,5,2,2,Potential Loyalists
13298,0,1,360.0,5,1,2,New Customers
15120,133,1,358.82,2,1,2,Hibernating
17948,146,1,358.56000000000006,2,2,2,Hibernating
16823,226,1,358.38,1,2,2,Lost
13228,80,1,358.0,2,1,2,Hibernating
13976,206,1,357.98,1,1,2,Lost
16274,372,1,357.95,1,2,2,Lost
17025,60,3,357.77,3,4,2,Need Attention
16971,37,1,357.21,3,2,2,Need Attention
18040,18,2,357.20000000000005,4,3,2,Potential Loyalists
13453,165,2,356.97999999999996,2,2,2,Hibernating
14500,87,3,356.85,2,3,2,At Risk
15713,142,2,356.7,2,3,2,At Risk
15247,121,1,356.0,2,1,2,Hibernating
15840,58,2,355.56,3,3,2,Need Attention
14537,57,1,355.56,3,1,2,Need Attention
12617,28,1,355.53,4,1,2,Potential Loyalists
17742,112,2,355.11,2,3,2,At Risk
13642,215,1,354.8,1,1,2,Lost
17222,64,1,354.15,3,2,2,Need Attention
12888,213,2,354.12,1,2,2,Lost
15870,32,1,354.09000000000003,4,2,2,Potential Loyalists
12845,266,4,354.09,1,4,2,At Risk
12715,105,1,353.86,2,1,2,Hibernating
17252,116,2,353.86,2,3,2,At Risk
13173,3,2,353.65,5,2,2,Potential Loyalists
13210,93,1,353.48,2,1,2,Hibernating
13343,177,1,353.43,2,1,2,Hibernating
14804,8,1,353.27,5,1,2,New Customers
17976,371,1,353.19,1,2,2,Lost
15678,52,1,352.7,3,1,2,Need Attention
18112,11,2,352.69,5,3,2,Potential Loyalists
15334,156,3,351.67,2,3,2,At Risk
12566,85,1,351.65,2,1,2,Hibernating
15789,357,1,351.3,1,2,2,Lost
13923,53,1,351.13,3,1,2,Need Attention
15900,23,1,351.11,4,2,2,Potential Loyalists
13332,13,1,350.9,4,1,2,Potential Loyalists
13740,240,1,350.75,1,1,2,Lost
17835,2,3,350.64,5,4,2,Loyal Customers
17795,179,2,350.39,1,3,2,At Risk
13108,372,1,350.06,1,1,2,Lost
12532,29,1,349.83000000000004,4,1,2,Potential Loyalists
13670,74,1,349.7,2,1,2,Hibernating
13887,203,1,349.55,1,1,2,Lost
18250,309,1,349.27,1,2,2,Lost
15405,188,1,349.1,1,1,2,Lost
13927,74,1,348.99,2,1,2,Hibernating
13790,3,1,348.8,5,1,2,New Customers
18127,18,3,348.73,4,4,2,Loyal Customers
12527,81,3,348.71000000000004,2,3,2,At Risk
15579,68,2,348.6,3,3,2,Need Attention
16159,281,1,348.2,1,2,2,Lost
13052,211,1,348.15000000000003,1,1,2,Lost
14379,43,2,348.1,3,3,2,Need Attention
13497,282,2,348.05,1,2,2,Lost
17668,0,2,347.75,5,3,2,Potential Loyalists
13062,190,1,346.98,1,1,2,Lost
13649,256,2,346.6,1,2,2,Lost
16423,24,1,346.12,4,2,2,Potential Loyalists
13091,27,1,345.82,4,1,2,Potential Loyalists
15781,24,3,345.46,4,4,2,Loyal Customers
17123,161,1,345.29999999999995,2,2,2,Hibernating
13774,81,1,345.0,2,1,2,Hibernating
14633,265,1,344.90000000000003,1,1,2,Lost
16978,77,1,344.33,2,2,2,Hibernating
17569,331,1,344.14,1,2,2,Lost
13068,9,2,344.0,5,2,2,Potential Loyalists
15047,269,1,343.62,1,1,2,Lost
15520,1,1,343.5,5,1,2,New Customers
18081,35,3,343.45,3,4,2,Need Attention
15880,368,1,343.28000000000003,1,2,2,Lost
12875,142,2,343.2300000000001,2,2,2,Hibernating
17201,53,1,342.63,3,2,2,Need Attention
16851,3,3,342.45,5,4,2,Loyal Customers
16826,50,1,341.7,3,2,2,Need Attention
13347,69,1,341.36,3,1,2,Need Attention
17917,44,3,341.28,3,4,2,Need Attention
14491,174,2,340.93,2,3,2,At Risk
12519,63,1,340.84,3,1,2,Need Attention
15115,17,1,340.11,4,1,2,Potential Loyalists
13737,199,1,339.59999999999997,1,1,2,Lost
17045,112,3,339.44,2,4,2,At Risk
16545,164,1,339.3,2,2,2,Hibernating
17697,235,1,338.95,1,2,2,Lost
17839,41,1,338.8,3,2,2,Need Attention
16183,66,1,338.71000000000004,3,2,2,Need Attention
15652,90,1,337.74,2,1,2,Hibernating
15942,133,1,337.44,2,2,2,Hibernating
13930,57,2,337.34,3,2,2,Need Attention
17973,51,1,337.04,3,2,2,Need Attention
16105,248,1,336.96,1,2,2,Lost
17914,3,1,336.43,5,2,2,Potential Loyalists
15619,10,1,336.40000000000003,5,1,2,New Customers
17384,18,2,336.4,4,3,2,Potential Loyalists
14954,11,1,336.17,5,1,2,New Customers
18078,216,2,336.13,1,3,2,At Risk
15921,172,1,336.03000000000003,2,2,2,Hibernating
18276,43,1,335.86,3,2,2,Need Attention
14196,106,1,335.52,2,1,2,Hibernating
16063,259,1,335.32,1,2,2,Lost
17221,6,2,335.13,5,3,2,Potential Loyalists
12489,335,1,334.93,1,1,2,Lost
14988,211,1,334.54,1,1,2,Lost
15466,84,1,334.53,2,1,2,Hibernating
12350,309,1,334.4,1,1,2,Lost
15918,190,2,334.23,1,3,2,At Risk
14264,154,2,333.97,2,3,2,At Risk
13216,267,1,333.74,1,1,2,Lost
13727,28,2,333.48,4,2,2,Potential Loyalists
16625,274,1,333.08,1,2,2,Lost
14902,25,1,332.66,4,1,2,Potential Loyalists
13904,36,2,332.64,3,2,2,Need Attention
16850,333,1,332.41,1,2,2,Lost
16803,64,1,332.3,3,2,2,Need Attention
16177,49,1,331.95,3,2,2,Need Attention
16030,309,1,331.24,1,2,2,Lost
15210,224,1,331.18,1,1,2,Lost
16478,24,3,331.0,4,4,2,Loyal Customers
12891,185,3,331.0,1,3,2,At Risk
17862,323,1,330.9,1,2,2,Lost
15714,11,2,330.88,5,3,2,Potential Loyalists
13706,302,1,330.79,1,1,2,Lost
14517,32,2,330.45,4,3,2,Potential Loyalists
15130,169,1,330.11,2,1,2,Hibernating
16593,50,3,330.03,3,4,2,Need Attention
12953,9,1,329.85,5,1,2,New Customers
14716,42,2,329.68,3,3,2,Need Attention
17866,142,1,329.65,2,2,2,Hibernating
17615,129,3,329.6,2,4,2,At Risk
13239,261,1,329.56,1,1,2,Lost
17154,74,1,329.34,2,2,2,Hibernating
15153,30,1,329.25,4,1,2,Potential Loyalists
14012,277,1,328.8,1,1,2,Lost
16855,23,2,328.4,4,3,2,Potential Loyalists
15213,318,2,328.35,1,3,2,At Risk
14747,248,1,328.2,1,1,2,Lost
14206,238,1,328.15999999999997,1,1,2,Lost
16318,34,1,328.15,3,2,2,Need Attention
15314,198,1,327.97,1,1,2,Lost
14024,121,2,327.7,2,3,2,At Risk
16366,18,1,327.3,4,2,2,Potential Loyalists
14870,261,1,327.25,1,1,2,Lost
16322,0,2,326.75,5,3,2,Potential Loyalists
14987,15,2,326.4,4,3,2,Potential Loyalists
17715,200,1,326.4,1,2,2,Lost
16071,44,1,326.24,3,2,2,Need Attention
15363,372,1,326.0,1,1,2,Lost
12844,28,2,325.96000000000004,4,2,2,Potential Loyalists
16830,38,1,325.91,3,2,2,Need Attention
14850,311,1,325.75,1,1,2,Lost
15944,276,1,325.1,1,2,2,Lost
12790,191,1,324.92,1,1,2,Lost
13801,66,1,324.8,3,1,2,Need Attention
15597,34,1,324.57,3,1,2,Need Attention
18261,42,2,324.24,3,3,2,Need Attention
16685,60,2,324.24,3,3,2,Need Attention
14555,56,2,324.14,3,3,2,Need Attention
15675,80,3,323.69,2,3,2,At Risk
17793,24,1,323.04,4,2,2,Potential Loyalists
16739,176,1,323.0,2,2,2,Hibernating
13955,153,2,322.96,2,3,2,At Risk
16627,78,1,322.8,2,2,2,Hibernating
16342,74,4,322.41,2,4,2,At Risk
14424,17,1,322.08,4,1,2,Potential Loyalists
15224,357,2,322.08,1,3,2,At Risk
14484,49,1,321.92,3,1,2,Need Attention
14823,179,3,321.43,1,3,2,At Risk
15236,298,1,321.05,1,1,2,Lost
18117,25,1,320.72,4,2,2,Potential Loyalists
16096,263,1,320.62,1,2,2,Lost
14622,184,1,320.58000000000004,1,1,2,Lost
13986,16,1,320.46,4,1,2,Potential Loyalists
16674,54,2,319.61,3,3,2,Need Attention
15107,310,6,319.5,1,5,2,At Risk
16967,188,1,319.02,1,2,2,Lost
17157,7,2,319.0,5,3,2,Potential Loyalists
17229,95,2,318.76,2,3,2,At Risk
17248,119,1,318.65,2,2,2,Hibernating
14703,14,1,318.17,4,1,2,Potential Loyalists
12648,154,1,318.05,2,1,2,Hibernating
18066,74,1,318.0,2,2,2,Hibernating
17172,78,1,317.76,2,2,2,Hibernating
17267,126,2,317.62,2,3,2,At Risk
15101,8,2,317.53,5,3,2,Potential Loyalists
16386,28,2,317.2,4,3,2,Potential Loyalists
15257,282,1,317.15,1,1,2,Lost
15385,39,1,316.88,3,1,2,Need Attention
15243,73,1,316.68,2,1,2,Hibernating
16761,96,1,316.62,2,2,2,Hibernating
15204,356,1,316.58,1,1,2,Lost
17458,14,1,316.5,4,2,2,Potential Loyalists
13494,311,1,316.26000000000005,1,1,2,Lost
14479,253,2,316.25,1,3,2,At Risk
16473,164,3,316.11,2,4,2,At Risk
12614,277,1,315.6,1,1,2,Lost
15766,63,1,315.06,3,2,2,Need Attention
16091,154,2,315.06,2,3,2,At Risk
17237,10,2,314.69,5,3,2,Potential Loyalists
16193,236,1,314.45,1,2,2,Lost
12650,2,1,314.44,5,1,2,New Customers
16227,224,1,314.22,1,2,2,Lost
15970,303,1,314.1,1,2,2,Lost
13484,240,1,313.8,1,1,2,Lost
16582,112,1,313.62,2,2,2,Hibernating
14729,373,1,313.49,1,1,2,Lost
13845,64,1,312.98,3,1,2,Need Attention
15318,3,1,312.62,5,1,2,New Customers
12834,282,1,312.38,1,1,2,Lost
17362,238,2,312.23,1,3,2,At Risk
17070,113,1,312.14,2,2,2,Hibernating
12785,363,1,311.95,1,1,2,Lost
16450,149,1,311.92,2,2,2,Hibernating
14142,372,1,311.81,1,1,2,Lost
15326,333,1,311.71,1,1,2,Lost
14951,78,1,311.69,2,1,2,Hibernating
14327,162,1,311.65,2,1,2,Hibernating
12852,294,1,311.55,1,1,2,Lost
13990,212,1,311.3,1,1,2,Lost
17854,184,2,311.26,1,3,2,At Risk
16781,371,1,311.25,1,2,2,Lost
13897,49,1,311.16,3,1,2,Need Attention
17912,309,5,311.01,1,4,2,At Risk
17266,1,3,310.64,5,4,2,Loyal Customers
15185,69,1,310.62,3,1,2,Need Attention
15308,273,1,310.47,1,1,2,Lost
14311,242,1,310.26,1,1,2,Lost
14924,245,1,310.05,1,1,2,Lost
15661,316,2,309.8,1,3,2,At Risk
15699,17,1,309.65,4,1,2,Potential Loyalists
16810,191,1,309.54,1,2,2,Lost
14339,242,1,309.52,1,1,2,Lost
14847,148,1,309.4,2,1,2,Hibernating
17604,216,2,309.36,1,3,2,At Risk
12884,87,1,309.05,2,1,2,Hibernating
13787,75,2,309.04,2,2,2,Hibernating
15010,35,1,308.94,3,1,2,Need Attention
16956,17,1,308.74,4,2,2,Potential Loyalists
13699,154,1,308.58000000000004,2,1,2,Hibernating
17510,24,1,308.48,4,2,2,Potential Loyalists
13369,365,1,308.28000000000003,1,1,2,Lost
13466,183,1,307.9,1,1,2,Lost
15973,366,1,307.82000000000005,1,2,2,Lost
16123,51,1,307.78,3,2,2,Need Attention
13529,78,2,307.76,2,2,2,Hibernating
13395,184,1,307.72,1,1,2,Lost
13060,253,1,307.53,1,1,2,Lost
14915,90,2,307.48,2,3,2,At Risk
17120,232,1,307.46,1,2,2,Lost
13932,294,1,307.4,1,1,2,Lost
13142,18,1,307.09,4,1,2,Potential Loyalists
17334,301,2,307.02,1,3,2,At Risk
15087,281,1,306.94,1,1,2,Lost
17551,358,1,306.84,1,2,2,Lost
13762,218,1,306.72,1,1,2,Lost
16668,14,6,306.71999999999997,4,5,2,Loyal Customers
13718,245,2,306.55,1,2,2,Lost
18059,22,3,306.46,4,4,2,Loyal Customers
15659,43,1,306.45,3,1,2,Need Attention
17176,201,1,306.13,1,2,2,Lost
13863,247,1,305.78,1,1,2,Lost
15219,175,1,305.75,2,1,2,Hibernating
16796,88,1,305.62,2,2,2,Hibernating
16181,72,1,305.54,2,2,2,Hibernating
18220,226,1,305.28000000000003,1,2,2,Lost
13045,98,1,305.28000000000003,2,1,2,Hibernating
12623,275,1,305.1,1,1,2,Lost
13667,148,1,305.02,2,1,2,Hibernating
17941,130,1,304.56,2,2,2,Hibernating
15163,17,2,304.47,4,3,2,Potential Loyalists
16217,234,2,304.25,1,3,2,At Risk
18185,248,1,304.25,1,2,2,Lost
17732,372,1,303.97,1,2,2,Lost
16400,94,1,303.93,2,2,2,Hibernating
13083,3,2,303.75,5,2,2,Potential Loyalists
17433,87,1,303.15999999999997,2,2,2,Hibernating
15060,7,4,303.09,5,4,2,Loyal Customers
16425,301,1,302.7,1,2,2,Lost
14248,317,1,302.58,1,1,2,Lost
18165,176,1,302.46000000000004,2,2,2,Hibernating
16104,61,1,302.36,3,2,2,Need Attention
16292,121,1,302.25,2,2,2,Hibernating
17506,75,1,302.2,2,2,2,Hibernating
15054,11,2,302.1,5,3,2,Potential Loyalists
17094,321,1,302.0,1,2,2,Lost
16297,268,1,301.9,1,2,2,Lost
16715,77,1,301.71999999999997,2,2,2,Hibernating
15667,39,1,301.32,3,1,2,Need Attention
15148,10,1,301.29,5,1,2,New Customers
15623,140,1,301.03,2,1,2,Hibernating
13479,200,2,300.95,1,2,2,Lost
17978,364,1,300.91999999999996,1,2,2,Lost
16430,56,1,300.85,3,2,2,Need Attention
16479,9,2,300.83,5,3,2,Potential Loyalists
14762,263,1,300.52,1,1,2,Lost
13304,350,1,300.42,1,1,2,Lost
15254,126,1,300.36,2,1,2,Hibernating
13745,161,1,300.04,2,1,2,Hibernating
18053,70,1,300.02,3,2,2,Need Attention
16402,264,2,299.6,1,3,2,At Risk
18215,88,1,299.34000000000003,2,2,2,Hibernating
17124,184,1,298.89,1,2,2,Lost
15609,183,1,298.48,1,1,2,Lost
17255,40,2,298.41,3,3,2,Need Attention
17824,50,1,298.4,3,2,2,Need Attention
17678,263,1,298.11,1,2,2,Lost
12881,275,1,298.0,1,1,2,Lost
15857,18,1,297.0,4,2,2,Potential Loyalists
13708,270,1,296.88,1,1,2,Lost
14985,197,2,296.75,1,3,2,At Risk
17531,189,1,296.7,1,2,2,Lost
13441,91,1,296.64,2,1,2,Hibernating
15154,74,1,296.42,2,1,2,Hibernating
13751,287,1,296.25,1,1,2,Lost
13504,63,1,295.93,3,1,2,Need Attention
16998,149,4,295.0,2,4,2,At Risk
13573,49,2,294.4,3,2,2,Need Attention
15732,211,2,294.12,1,3,2,At Risk
17163,21,2,293.1,4,3,2,Potential Loyalists
12829,336,2,293.0,1,2,2,Lost
15545,53,2,292.71999999999997,3,3,2,Need Attention
16721,261,1,292.47,1,2,2,Lost
13259,61,1,292.32,3,1,2,Need Attention
13502,16,3,292.0,4,3,2,Potential Loyalists
13449,23,1,291.88,4,1,2,Potential Loyalists
13544,39,2,291.41,3,2,2,Need Attention
14656,168,2,291.05,2,3,2,At Risk
14947,71,2,290.82,3,3,2,Need Attention
16648,42,1,290.65999999999997,3,2,2,Need Attention
15279,354,1,290.51,1,1,2,Lost
17691,357,2,290.40000000000003,1,3,2,At Risk
16526,171,1,290.36,2,2,2,Hibernating
17081,24,2,290.16,4,3,2,Potential Loyalists
14784,25,2,289.99,4,3,2,Potential Loyalists
17464,157,1,289.96000000000004,2,2,2,Hibernating
14953,24,1,289.82,4,1,2,Potential Loyalists
16897,298,2,289.78,1,3,2,At Risk
14162,173,2,289.36,2,3,2,At Risk
16125,366,1,289.35,1,2,2,Lost
14549,310,1,289.24,1,1,2,Lost
17501,220,2,288.6,1,3,2,At Risk
16808,98,2,288.42,2,3,2,At Risk
15396,112,1,288.18,2,1,2,Hibernating
17977,28,1,288.14,4,2,2,Potential Loyalists
17080,21,2,287.62,4,3,2,Potential Loyalists
17760,21,2,287.59,4,3,2,Potential Loyalists
16432,63,1,287.4,3,2,2,Need Attention
13760,53,2,286.79,3,2,2,Need Attention
16555,34,2,285.89,3,3,2,Need Attention
14660,86,2,285.74,2,3,2,At Risk
17636,18,1,285.56,4,2,2,Potential Loyalists
16429,105,1,284.55,2,2,2,Hibernating
18190,191,2,284.46000000000004,1,3,2,At Risk
13121,268,1,283.73,1,1,2,Lost
13439,254,1,283.71,1,1,2,Lost
12703,70,1,283.55,3,1,2,Need Attention
17783,71,2,283.47,3,3,2,Need Attention
17251,362,1,283.28000000000003,1,2,2,Lost
18270,37,2,283.15,3,3,2,Need Attention
17694,141,1,283.12,2,2,2,Hibernating
14350,273,1,282.93,1,1,2,Lost
13754,151,2,282.59999999999997,2,2,2,Hibernating
13177,64,1,282.45,3,1,2,Need Attention
17247,14,1,282.19,4,2,2,Potential Loyalists
16557,23,2,281.85,4,3,2,Potential Loyalists
17403,35,1,281.62,3,2,2,Need Attention
16848,52,1,281.42,3,2,2,Need Attention
14242,234,2,280.55,1,3,2,At Risk
13606,28,3,280.53999999999996,4,3,2,Potential Loyalists
16149,4,2,280.52,5,3,2,Potential Loyalists
14975,56,1,279.94,3,1,2,Need Attention
15556,23,1,279.77,4,1,2,Potential Loyalists
14480,10,1,279.05,5,1,2,New Customers
17786,84,2,278.74,2,3,2,At Risk
14764,46,1,278.3,3,1,2,Need Attention
14908,73,1,277.8,2,1,2,Hibernating
17968,373,1,277.35,1,2,2,Lost
13803,254,1,277.07,1,1,2,Lost
15355,28,2,277.05,4,3,2,Potential Loyalists
16883,186,2,276.73,1,3,2,At Risk
13272,30,2,276.56,4,2,2,Potential Loyalists
14508,21,2,276.42,4,3,2,Potential Loyalists
12750,128,1,275.88,2,1,2,Hibernating
14512,187,2,275.28,1,3,2,At Risk
16313,2,2,274.15000000000003,5,3,2,Potential Loyalists
16727,363,1,272.82,1,2,2,Lost
17254,4,2,272.44,5,3,2,Potential Loyalists
17498,75,1,272.22,2,2,2,Hibernating
14819,63,2,272.07,3,3,2,Need Attention
13917,49,2,272.04,3,2,2,Need Attention
14816,196,1,271.85,1,1,2,Lost
13058,24,3,271.40000000000003,4,3,2,Potential Loyalists
13837,211,2,271.24,1,2,2,Lost
17767,14,1,271.2,4,2,2,Potential Loyalists
17496,358,1,271.05,1,2,2,Lost
18108,253,1,271.0,1,2,2,Lost
17011,29,1,270.9,4,2,2,Potential Loyalists
15774,68,1,270.8,3,2,2,Need Attention
13533,182,3,270.79,1,3,2,At Risk
14520,1,2,270.6,5,3,2,Potential Loyalists
13242,111,3,270.40000000000003,2,3,2,At Risk
12558,7,1,269.96,5,1,2,New Customers
14727,273,1,268.58,1,1,2,Lost
15408,263,1,267.18,1,1,2,Lost
17550,196,3,267.16,1,4,2,At Risk
15320,43,1,267.13,3,1,2,Need Attention
17708,187,2,267.08,1,3,2,At Risk
15517,232,1,267.03,1,1,2,Lost
16451,87,1,266.97,2,2,2,Hibernating
14863,28,1,266.76,4,1,2,Potential Loyalists
15119,245,1,266.4,1,1,2,Lost
12962,6,2,266.39,5,2,2,Potential Loyalists
15019,266,1,266.0,1,1,2,Lost
14068,319,1,265.85,1,1,2,Lost
17430,32,2,265.76,4,3,2,Potential Loyalists
14423,217,1,265.2,1,1,2,Lost
13973,286,1,264.7,1,1,2,Lost
15912,177,2,264.62,2,3,2,At Risk
14452,10,2,264.44,5,3,2,Potential Loyalists
15894,252,2,263.55,1,3,2,At Risk
12492,62,2,263.21000000000004,3,2,2,Need Attention
16936,25,1,262.68,4,2,2,Potential Loyalists
17194,273,2,262.62,1,3,2,At Risk
16413,56,1,262.2,3,2,2,Need Attention
17385,14,1,261.11,4,2,2,Potential Loyalists
13189,18,2,260.68,4,2,2,Potential Loyalists
14053,123,2,260.25,2,3,2,At Risk
15014,42,2,260.17,3,3,2,Need Attention
15143,225,1,259.45,1,1,2,Lost
17125,49,1,259.35,3,2,2,Need Attention
13127,77,1,259.17,2,1,2,Hibernating
16447,135,1,259.01,2,2,2,Hibernating
15577,150,3,258.88,2,3,2,At Risk
13277,15,4,258.4,4,4,2,Loyal Customers
13227,201,1,257.7,1,1,2,Lost
14375,184,1,257.68,1,1,2,Lost
18009,234,1,257.34,1,2,2,Lost
13626,252,1,257.23,1,1,2,Lost
16048,372,2,256.44,1,3,2,At Risk
12430,42,1,256.4,3,1,2,Need Attention
13806,63,1,256.38,3,1,2,Need Attention
17896,22,1,256.32,4,2,2,Potential Loyalists
14761,58,2,255.9,3,3,2,Need Attention
15277,46,1,255.89999999999998,3,1,2,Need Attention
14881,19,1,255.4,4,1,2,Potential Loyalists
16226,202,3,255.12,1,4,2,At Risk
15261,134,1,254.82,2,1,2,Hibernating
12604,78,2,254.18,2,2,2,Hibernating
14765,28,3,254.11,4,3,2,Potential Loyalists
15689,119,2,254.1,2,3,2,At Risk
12797,365,1,254.03,1,1,2,Lost
15759,217,3,253.04,1,4,2,At Risk
17860,368,1,252.8,1,2,2,Lost
15035,89,1,252.73000000000002,2,1,2,Hibernating
13404,0,2,252.49,5,2,2,Potential Loyalists
15346,332,1,252.42000000000002,1,1,2,Lost
13645,119,1,252.1,2,1,2,Hibernating
13711,218,2,252.06,1,2,2,Lost
16330,17,3,251.91,4,4,2,Loyal Customers
16836,39,2,251.87,3,3,2,Need Attention
17155,17,2,251.70000000000002,4,3,2,Potential Loyalists
16976,266,1,251.51999999999998,1,2,2,Lost
16024,11,1,251.24,5,2,2,Potential Loyalists
13512,260,1,251.21,1,1,2,Lost
14501,183,2,251.21,1,3,2,At Risk
13207,14,2,250.26000000000002,4,2,2,Potential Loyalists
16596,15,2,250.15,4,3,2,Potential Loyalists
17303,360,1,250.04,1,2,1,Lost
15510,330,1,250.0,1,1,1,Lost
17456,364,1,249.86,1,2,1,Lost
18005,3,2,249.72,5,3,1,Potential Loyalists
16124,316,1,249.0,1,2,1,Lost
13061,71,1,248.61,3,1,1,Need Attention
17111,46,1,248.61,3,2,1,Need Attention
18212,325,1,248.42,1,2,1,Lost
16510,371,1,248.1,1,2,1,Lost
15097,3,1,248.08,5,1,1,New Customers
13592,35,4,247.95999999999998,3,4,1,Need Attention
18072,185,1,247.44,1,2,1,Lost
13349,10,1,247.32,5,1,1,New Customers
14658,4,2,247.15,5,3,1,Potential Loyalists
17051,193,1,247.14000000000001,1,2,1,Lost
15783,10,1,246.3,5,2,1,Potential Loyalists
17278,240,1,246.04,1,2,1,Lost
16778,73,2,245.94,2,3,1,At Risk
17771,56,2,245.81,3,3,1,Need Attention
12660,10,1,245.1,5,1,1,New Customers
15118,133,1,244.8,2,1,1,Hibernating
16601,40,1,244.79999999999998,3,2,1,Need Attention
16528,3,1,244.41,5,2,1,Potential Loyalists
17892,55,3,244.1,3,4,1,Need Attention
17925,372,1,244.08,1,2,1,Lost
13103,39,1,243.94,3,1,1,Need Attention
16793,56,1,243.84,3,2,1,Need Attention
18193,164,1,243.76,2,2,1,Hibernating
13886,70,1,243.56,3,1,1,Need Attention
15634,16,1,243.55,4,1,1,Potential Loyalists
17339,93,2,243.36,2,3,1,At Risk
17908,373,1,243.28,1,2,1,Lost
14647,200,1,243.22,1,1,1,Lost
16215,80,1,242.35,2,2,1,Hibernating
15776,132,1,241.62,2,2,1,Hibernating
14523,107,1,241.09,2,1,1,Hibernating
16427,262,2,241.06,1,3,1,At Risk
15598,52,1,240.68,3,1,1,Need Attention
15286,49,1,240.55,3,1,1,Need Attention
13565,18,2,240.22,4,2,1,Potential Loyalists
17256,106,2,240.0,2,3,1,At Risk
17181,56,2,239.92000000000002,3,3,1,Need Attention
15690,3,2,239.76,5,3,1,Potential Loyalists
13570,242,1,239.49,1,1,1,Lost
17684,43,1,239.41,3,2,1,Need Attention
16756,214,1,239.4,1,2,1,Lost
12561,302,1,238.85,1,1,1,Lost
15850,18,2,238.85,4,3,1,Potential Loyalists
12718,70,1,238.25,3,1,1,Need Attention
17877,169,1,237.61,2,2,1,Hibernating
14586,276,1,237.36,1,1,1,Lost
15457,261,1,237.07,1,1,1,Lost
18110,19,1,236.3,4,2,1,Potential Loyalists
12732,179,1,236.26000000000002,1,1,1,Lost
16026,42,1,236.09,3,2,1,Need Attention
13187,336,1,236.02,1,1,1,Lost
15462,93,3,234.6,2,3,1,At Risk
14473,73,2,234.34000000000003,2,3,1,At Risk
17060,265,1,234.24,1,2,1,Lost
16961,115,1,234.17,2,2,1,Hibernating
12736,332,1,234.0,1,1,1,Lost
15483,160,4,233.81,2,4,1,At Risk
13348,63,1,233.76,3,1,1,Need Attention
16583,373,1,233.45,1,2,1,Lost
14995,38,2,233.23000000000002,3,3,1,Need Attention
16302,126,1,233.22,2,2,1,Hibernating
13678,151,1,232.6,2,1,1,Hibernating
18213,236,1,232.48000000000002,1,2,1,Lost
16117,189,1,232.21,1,2,1,Lost
15393,15,2,231.86,4,3,1,Potential Loyalists
16641,105,1,231.10000000000002,2,2,1,Hibernating
18030,3,2,230.64999999999998,5,3,1,Potential Loyalists
15866,100,1,230.53,2,2,1,Hibernating
16445,33,1,230.51,3,2,1,Need Attention
13786,366,1,230.39999999999998,1,1,1,Lost
16926,370,1,230.25,1,2,1,Lost
13960,20,2,230.22,4,3,1,Potential Loyalists
12812,44,1,229.64000000000001,3,1,1,Need Attention
13474,235,1,229.59,1,1,1,Lost
13008,322,1,229.46999999999997,1,1,1,Lost
15528,253,1,229.33,1,1,1,Lost
14793,20,1,228.99,4,1,1,Potential Loyalists
17347,85,1,228.96,2,2,1,Hibernating
13146,25,1,228.91,4,1,1,Potential Loyalists
13712,246,1,228.84,1,1,1,Lost
13070,191,1,228.8,1,1,1,Lost
17969,165,2,228.2,2,3,1,At Risk
16527,80,1,228.06,2,2,1,Hibernating
14569,0,1,227.39,5,1,1,New Customers
17212,252,1,226.85,1,2,1,Lost
17572,70,4,226.75000000000003,3,4,1,Need Attention
16315,330,1,226.37,1,2,1,Lost
16777,79,2,226.35,2,3,1,At Risk
16619,263,1,226.21,1,2,1,Lost
17789,280,1,225.9,1,2,1,Lost
12672,329,1,225.89999999999998,1,1,1,Lost
14624,56,2,225.85,3,3,1,Need Attention
14357,42,1,225.77,3,1,1,Need Attention
12402,322,1,225.6,1,1,1,Lost
16690,71,2,225.57999999999998,3,3,1,Need Attention
14052,19,1,225.36,4,1,1,Potential Loyalists
16587,231,1,225.15,1,2,1,Lost
17171,288,1,224.91,1,2,1,Lost
15175,71,1,224.14,3,1,1,Need Attention
16471,274,1,223.95000000000002,1,2,1,Lost
16753,57,1,223.92000000000002,3,2,1,Need Attention
14929,31,1,223.88,4,1,1,Potential Loyalists
13926,22,1,223.85000000000002,4,1,1,Potential Loyalists
18101,10,2,223.65,5,3,1,Potential Loyalists
15637,52,1,223.36,3,1,1,Need Attention
17534,53,1,223.36,3,2,1,Need Attention
13382,280,1,222.99,1,1,1,Lost
15897,193,2,222.05,1,3,1,At Risk
14598,43,1,221.97,3,1,1,Need Attention
14960,7,2,221.27,5,3,1,Potential Loyalists
16392,269,1,221.19,1,2,1,Lost
13419,63,1,221.06,3,1,1,Need Attention
15790,9,1,220.85,5,2,1,Potential Loyalists
16482,15,1,220.62,4,2,1,Potential Loyalists
13079,3,5,220.10000000000002,5,4,1,Loyal Customers
18114,289,1,220.1,1,2,1,Lost
13600,311,1,219.52,1,1,1,Lost
15096,42,1,219.39000000000001,3,1,1,Need Attention
16895,64,1,219.14,3,2,1,Need Attention
12702,19,1,219.0,4,1,1,Potential Loyalists
13669,50,2,218.55,3,2,1,Need Attention
17619,311,1,218.52,1,2,1,Lost
13428,9,1,218.47,5,1,1,New Customers
12574,315,1,218.45,1,1,1,Lost
15724,200,2,218.25,1,3,1,At Risk
14570,280,2,218.06,1,3,1,At Risk
16634,222,2,217.9,1,3,1,At Risk
13271,36,1,217.38,3,1,1,Need Attention
15554,277,1,217.2,1,1,1,Lost
16080,81,2,217.16,2,3,1,At Risk
13739,17,1,216.9,4,1,1,Potential Loyalists
13503,70,1,216.85,3,1,1,Need Attention
15460,353,1,216.76,1,1,1,Lost
12897,204,2,216.5,1,2,1,Lost
15604,51,1,216.39,3,1,1,Need Attention
17436,1,2,216.29999999999998,5,3,1,Potential Loyalists
14104,154,2,216.20999999999998,2,3,1,At Risk
13858,56,1,216.17,3,1,1,Need Attention
16179,60,1,215.83,3,2,1,Need Attention
15052,318,1,215.78,1,1,1,Lost
17580,252,3,215.72,1,4,1,At Risk
14476,256,1,215.7,1,1,1,Lost
16189,15,2,215.48,4,3,1,Potential Loyalists
16190,39,1,215.08,3,2,1,Need Attention
16519,24,2,215.07999999999998,4,3,1,Potential Loyalists
12831,261,1,215.05,1,1,1,Lost
12588,38,1,214.89999999999998,3,1,1,Need Attention
16338,156,1,214.79999999999998,2,2,1,Hibernating
16411,18,2,214.65,4,3,1,Potential Loyalists
16846,49,1,214.32,3,2,1,Need Attention
16647,169,2,214.06,2,3,1,At Risk
14601,10,1,213.96,5,1,1,New Customers
13621,116,1,213.85,2,1,1,Hibernating
17153,23,1,213.78,4,2,1,Potential Loyalists
14241,183,1,213.70000000000002,1,1,1,Lost
13411,106,1,213.55,2,1,1,Hibernating
16591,68,1,213.5,3,2,1,Need Attention
15540,10,1,213.3,5,1,1,New Customers
14984,18,2,213.27,4,3,1,Potential Loyalists
17928,44,2,212.54,3,3,1,Need Attention
16017,46,1,211.88,3,2,1,Need Attention
16356,197,3,211.77,1,4,1,At Risk
15703,264,1,211.5,1,1,1,Lost
12995,84,1,211.32,2,1,1,Hibernating
16415,43,1,210.35,3,2,1,Need Attention
13532,33,1,210.31,3,1,1,Need Attention
13828,21,1,209.49,4,1,1,Potential Loyalists
17855,372,1,208.97,1,2,1,Lost
15327,52,1,208.75,3,1,1,Need Attention
17514,127,1,208.65,2,2,1,Hibernating
16914,35,1,208.46,3,2,1,Need Attention
16457,217,1,208.36,1,2,1,Lost
12547,197,2,207.79999999999998,1,2,1,Lost
18191,261,1,207.79999999999998,1,2,1,Lost
16866,140,3,207.73999999999998,2,4,1,At Risk
17923,281,1,207.50000000000003,1,2,1,Lost
16323,195,1,207.50000000000003,1,2,1,Lost
16752,372,1,207.5,1,2,1,Lost
13099,98,1,207.35999999999999,2,1,1,Hibernating
15925,193,1,207.15,1,2,1,Lost
15820,319,1,206.98,1,2,1,Lost
18126,60,1,206.82999999999998,3,2,1,Need Attention
17166,38,2,206.34,3,3,1,Need Attention
14964,246,1,206.21,1,1,1,Lost
13065,372,1,205.86,1,1,1,Lost
17670,227,1,205.7,1,2,1,Lost
17843,302,1,205.48,1,2,1,Lost
15307,95,1,205.3,2,1,1,Hibernating
15758,24,1,205.25,4,2,1,Potential Loyalists
13513,126,1,205.1,2,1,1,Hibernating
15319,283,1,204.5,1,1,1,Lost
17206,52,1,204.24,3,2,1,Need Attention
18273,1,3,204.0,5,4,1,Loyal Customers
13017,6,1,204.0,5,1,1,New Customers
17187,226,1,203.95,1,2,1,Lost
17889,211,2,203.87,1,3,1,At Risk
17394,218,1,203.86999999999998,1,2,1,Lost
17891,161,1,203.85999999999999,2,2,1,Hibernating
17376,70,2,203.2,3,3,1,Need Attention
15723,364,1,203.1,1,1,1,Lost
14381,51,1,202.68,3,1,1,Need Attention
18169,60,1,202.65,3,2,1,Need Attention
14385,8,3,202.11,5,3,1,Potential Loyalists
15347,365,1,201.60000000000002,1,1,1,Lost
13295,359,1,201.20000000000002,1,1,1,Lost
16965,226,1,201.19,1,2,1,Lost
13284,330,1,201.19,1,1,1,Lost
13859,325,1,201.16,1,1,1,Lost
17988,11,7,201.12,5,5,1,Loyal Customers
17693,136,1,200.47,2,2,1,Hibernating
13262,262,1,200.29,1,1,1,Lost
15437,261,1,200.16,1,1,1,Lost
13980,59,1,200.14,3,1,1,Need Attention
14782,319,1,200.10000000000002,1,1,1,Lost
13723,216,1,199.85000000000002,1,1,1,Lost
15593,70,1,199.8,3,1,1,Need Attention
13322,16,1,199.48000000000002,4,1,1,Potential Loyalists
17383,3,1,199.29,5,2,1,Potential Loyalists
16832,183,3,199.15,1,4,1,At Risk
17987,184,1,198.57,1,2,1,Lost
16178,137,1,197.9,2,2,1,Hibernating
12450,155,2,197.88,2,2,1,Hibernating
12581,39,1,197.71,3,1,1,Need Attention
14185,330,1,197.65,1,1,1,Lost
14789,28,1,197.64,4,1,1,Potential Loyalists
17301,20,1,197.63,4,2,1,Potential Loyalists
16829,156,1,197.22,2,2,1,Hibernating
14830,52,1,197.13,3,1,1,Need Attention
15234,276,1,197.0,1,1,1,Lost
12586,16,1,196.94000000000003,4,1,1,Potential Loyalists
13436,1,1,196.89,5,1,1,New Customers
15746,133,1,196.88,2,1,1,Hibernating
13978,14,2,196.79000000000002,4,3,1,Potential Loyalists
17660,140,1,196.0,2,2,1,Hibernating
16112,142,4,195.73999999999998,2,4,1,At Risk
13792,65,2,195.55,3,2,1,Need Attention
17010,17,1,195.36,4,2,1,Potential Loyalists
14666,23,1,195.25,4,1,1,Potential Loyalists
15612,35,2,195.15,3,3,1,Need Attention
14100,137,1,194.9,2,1,1,Hibernating
16887,34,1,194.88,3,2,1,Need Attention
14087,2,1,194.42,5,1,1,New Customers
17475,78,1,194.37,2,2,1,Hibernating
15683,116,1,193.75,2,1,1,Hibernating
15198,91,2,193.64,2,3,1,At Risk
17343,354,1,193.64,1,2,1,Lost
16847,42,1,193.44,3,2,1,Need Attention
17608,32,2,193.42,4,3,1,Potential Loyalists
14806,74,1,193.39000000000001,2,1,1,Hibernating
14801,60,1,193.14,3,1,1,Need Attention
13568,172,1,192.85,2,1,1,Hibernating
12522,38,2,192.72,3,2,1,Need Attention
14768,16,2,192.60000000000002,4,3,1,Potential Loyalists
12791,373,1,192.60000000000002,1,1,1,Lost
15909,173,1,191.94,2,2,1,Hibernating
17904,20,1,191.67,4,2,1,Potential Loyalists
14966,14,1,191.32,4,1,1,Potential Loyalists
15692,27,1,191.04,4,1,1,Potential Loyalists
17233,34,1,190.88,3,2,1,Need Attention
13033,356,1,190.55,1,1,1,Lost
15412,170,1,190.53,2,1,1,Hibernating
13972,70,2,190.25,3,3,1,Need Attention
17885,11,1,190.19,5,2,1,Potential Loyalists
12361,286,1,189.9,1,1,1,Lost
13826,175,1,189.5,2,1,1,Hibernating
13663,178,1,189.47,2,1,1,Hibernating
18045,44,1,189.4,3,2,1,Need Attention
16448,197,1,188.89000000000001,1,2,1,Lost
14697,217,2,188.60999999999999,1,3,1,At Risk
12893,30,1,188.14,4,1,1,Potential Loyalists
17781,158,2,188.02,2,3,1,At Risk
14722,146,1,187.92000000000002,2,1,1,Hibernating
17279,57,1,187.82999999999998,3,2,1,Need Attention
18013,154,2,187.29,2,3,1,At Risk
17440,156,3,186.42000000000002,2,4,1,At Risk
13672,300,2,186.39000000000001,1,2,1,Lost
14551,17,2,186.23,4,3,1,Potential Loyalists
15567,18,1,186.01,4,1,1,Potential Loyalists
12641,114,1,185.9,2,1,1,Hibernating
17574,242,1,185.65,1,2,1,Lost
14199,217,1,185.39999999999998,1,1,1,Lost
16097,239,1,185.04999999999998,1,2,1,Lost
13482,231,1,184.64,1,1,1,Lost
17680,23,1,184.4,4,2,1,Potential Loyalists
16433,27,1,184.26,4,2,1,Potential Loyalists
15124,22,2,184.19,4,3,1,Potential Loyalists
14326,241,1,183.85,1,1,1,Lost
16680,42,1,183.7,3,2,1,Need Attention
14059,266,1,183.6,1,1,1,Lost
13460,28,2,183.44,4,2,1,Potential Loyalists
13059,249,1,183.4,1,1,1,Lost
17772,10,2,182.77,5,3,1,Potential Loyalists
14082,364,1,182.25,1,1,1,Lost
18119,367,1,181.12,1,2,1,Lost
16594,74,1,181.09,2,2,1,Hibernating
15886,59,1,181.09,3,2,1,Need Attention
15945,364,1,181.0,1,2,1,Lost
15292,200,1,180.94,1,1,1,Lost
16835,127,2,180.85,2,3,1,At Risk
18280,277,1,180.60000000000002,1,2,1,Lost
13710,31,1,180.48,4,1,1,Potential Loyalists
15041,169,1,180.35,2,1,1,Hibernating
13598,46,1,180.17000000000002,3,1,1,Need Attention
12622,231,1,180.1,1,1,1,Lost
18147,45,2,179.33999999999997,3,3,1,Need Attention
15895,149,1,179.17,2,2,1,Hibernating
15454,361,1,179.1,1,1,1,Lost
16990,218,1,179.0,1,2,1,Lost
14705,198,1,179.0,1,1,1,Lost
16620,3,2,178.96,5,3,1,Potential Loyalists
15139,239,2,178.96,1,3,1,At Risk
15262,323,1,178.95000000000002,1,1,1,Lost
13778,102,1,178.7,2,1,1,Hibernating
17879,173,1,178.51999999999998,2,2,1,Hibernating
17253,17,1,178.26,4,2,1,Potential Loyalists
17356,311,1,178.22,1,2,1,Lost
18282,7,2,178.05,5,3,1,Potential Loyalists
16403,311,1,177.5,1,2,1,Lost
13618,173,1,177.34,2,1,1,Hibernating
12618,21,1,177.31,4,1,1,Potential Loyalists
13072,266,1,177.15,1,1,1,Lost
12923,63,1,176.97,3,1,1,Need Attention
17947,36,1,176.68,3,2,1,Need Attention
14287,7,3,176.63,5,3,1,Potential Loyalists
12509,283,1,176.5,1,1,1,Lost
18274,29,1,175.92,4,2,1,Potential Loyalists
17582,235,1,175.27,1,2,1,Lost
17331,123,1,175.2,2,2,1,Hibernating
16144,246,1,175.2,1,2,1,Lost
18010,256,1,174.8,1,2,1,Lost
14355,365,1,174.4,1,1,1,Lost
14518,63,1,174.37,3,1,1,Need Attention
13560,6,1,174.37,5,1,1,New Customers
15335,53,1,173.97,3,1,1,Need Attention
18278,73,1,173.9,2,2,1,Hibernating
16861,59,2,173.76,3,3,1,Need Attention
14798,52,3,173.74,3,3,1,Need Attention
16565,363,1,173.7,1,2,1,Lost
12441,366,1,173.55,1,1,1,Lost
15565,49,2,173.16,3,3,1,Need Attention
15670,296,1,173.05,1,1,1,Lost
14693,264,1,172.9,1,1,1,Lost
18048,202,2,172.29000000000002,1,3,1,At Risk
13922,351,1,172.25,1,1,1,Lost
13690,58,1,172.25,3,1,1,Need Attention
12442,2,1,172.06,5,1,1,New Customers
14536,259,1,171.8,1,1,1,Lost
16773,56,1,171.59,3,2,1,Need Attention
17245,204,1,171.45,1,2,1,Lost
15432,22,1,171.19,4,1,1,Potential Loyalists
17542,269,1,170.75,1,2,1,Lost
14860,18,1,170.32,4,1,1,Potential Loyalists
18058,9,1,170.16,5,2,1,Potential Loyalists
15016,172,1,170.04,2,1,1,Hibernating
16921,60,1,169.79,3,2,1,Need Attention
13962,21,2,169.55,4,3,1,Potential Loyalists
14218,42,1,169.48000000000002,3,1,1,Need Attention
18004,361,1,169.47,1,2,1,Lost
12367,3,1,168.9,5,1,1,New Customers
14578,2,1,168.63,5,1,1,New Customers
18269,365,1,168.6,1,2,1,Lost
17367,237,1,168.4,1,2,1,Lost
15888,80,1,168.31,2,2,1,Hibernating
18099,126,1,168.31,2,2,1,Hibernating
16282,339,1,168.3,1,2,1,Lost
17737,8,2,168.24,5,3,1,Potential Loyalists
15986,29,1,168.12,4,2,1,Potential Loyalists
15374,128,1,168.0,2,1,1,Hibernating
12551,357,1,168.0,1,1,1,Lost
18088,60,1,167.67000000000002,3,2,1,Need Attention
17561,18,1,167.62,4,2,1,Potential Loyalists
16952,108,2,167.61,2,3,1,At Risk
15920,153,4,167.5,2,4,1,At Risk
16405,301,2,167.25,1,3,1,At Risk
18014,27,1,166.42,4,2,1,Potential Loyalists
14295,39,1,166.20000000000002,3,1,1,Need Attention
17650,20,1,166.08,4,2,1,Potential Loyalists
12817,280,1,166.04,1,1,1,Lost
14485,38,1,165.75,3,1,1,Need Attention
14552,151,1,165.07,2,1,1,Hibernating
18042,53,1,165.04999999999998,3,2,1,Need Attention
13470,98,2,165.0,2,2,1,Hibernating
15316,326,1,165.0,1,1,1,Lost
15904,7,1,164.68,5,2,1,Potential Loyalists
17535,279,1,164.4,1,2,1,Lost
13603,25,1,164.34,4,1,1,Potential Loyalists
12920,16,1,164.23,4,1,1,Potential Loyalists
18200,105,1,163.8,2,2,1,Hibernating
14354,5,2,163.62,5,3,1,Potential Loyalists
17110,164,1,163.29999999999998,2,2,1,Hibernating
13223,199,2,163.20000000000002,1,2,1,Lost
16406,18,1,163.07,4,2,1,Potential Loyalists
15167,320,1,163.0,1,1,1,Lost
16517,276,1,162.7,1,2,1,Lost
15733,282,1,162.3,1,1,1,Lost
15325,103,1,162.29,2,1,1,Hibernating
16932,52,1,161.94,3,2,1,Need Attention
17600,17,1,161.67000000000002,4,2,1,Potential Loyalists
15458,24,1,161.64,4,1,1,Potential Loyalists
16113,182,1,161.38,1,2,1,Lost
14362,21,1,161.2,4,1,1,Potential Loyalists
14204,1,1,161.03,5,1,1,New Customers
14237,372,1,161.0,1,1,1,Lost
14089,56,1,161.0,3,1,1,Need Attention
13229,225,1,160.95,1,1,1,Lost
15852,186,2,160.71,1,3,1,At Risk
17344,45,1,160.57,3,2,1,Need Attention
12573,226,1,160.54000000000002,1,1,1,Lost
18203,156,1,160.42000000000002,2,2,1,Hibernating
18146,140,2,160.35000000000002,2,3,1,At Risk
14714,23,1,160.19,4,1,1,Potential Loyalists
12966,9,1,160.18,5,1,1,New Customers
13420,149,2,159.85,2,2,1,Hibernating
16213,78,1,159.0,2,2,1,Hibernating
18224,263,1,158.95000000000002,1,2,1,Lost
13937,168,1,158.85,2,1,1,Hibernating
17165,283,1,158.68,1,2,1,Lost
15160,356,1,158.16,1,1,1,Lost
15348,71,1,158.04,3,1,1,Need Attention
15988,18,1,158.03,4,2,1,Potential Loyalists
17556,205,1,157.9,1,2,1,Lost
14799,50,1,157.7,3,1,1,Need Attention
14148,233,1,157.2,1,1,1,Lost
17128,334,1,157.09,1,2,1,Lost
14585,49,1,157.05,3,1,1,Need Attention
17118,317,1,157.02,1,2,1,Lost
15007,158,1,156.91,2,1,1,Hibernating
14406,118,1,156.75,2,1,1,Hibernating
15438,130,1,156.57999999999998,2,1,1,Hibernating
15263,106,1,156.51,2,1,1,Hibernating
13898,325,1,155.93,1,1,1,Lost
17871,204,1,155.9,1,2,1,Lost
17899,158,1,155.8,2,2,1,Hibernating
14813,369,2,155.43,1,3,1,At Risk
17832,49,1,155.37,3,2,1,Need Attention
12738,371,1,155.35,1,1,1,Lost
16720,25,1,155.24,4,2,1,Potential Loyalists
15447,330,1,155.17,1,1,1,Lost
13809,304,1,155.05,1,1,1,Lost
14368,319,1,155.0,1,1,1,Lost
14046,283,1,154.99,1,1,1,Lost
17698,260,1,154.95,1,2,1,Lost
15740,48,1,154.88,3,1,1,Need Attention
17026,184,2,154.82999999999998,1,3,1,At Risk
15226,310,1,154.41,1,1,1,Lost
17517,308,1,153.94,1,2,1,Lost
17286,21,1,153.92,4,2,1,Potential Loyalists
16351,332,1,153.9,1,2,1,Lost
12602,58,1,153.12,3,1,1,Need Attention
17714,320,1,153.0,1,2,1,Lost
16248,61,1,152.94,3,2,1,Need Attention
17984,144,1,152.68,2,2,1,Hibernating
18138,294,1,152.65,1,2,1,Lost
14066,266,1,152.55,1,1,1,Lost
17707,184,2,152.4,1,3,1,At Risk
13514,73,1,152.20000000000002,2,1,1,Hibernating
14039,32,1,152.2,4,1,1,Potential Loyalists
17898,84,2,152.06,2,3,1,At Risk
16617,235,1,151.85,1,2,1,Lost
16412,53,1,151.83,3,2,1,Need Attention
14208,94,1,151.74,2,1,1,Hibernating
13462,252,1,151.5,1,1,1,Lost
16461,177,1,151.42,2,2,1,Hibernating
13697,38,1,151.29999999999998,3,1,1,Need Attention
16337,36,1,151.05,3,2,1,Need Attention
14073,31,1,151.04,4,1,1,Potential Loyalists
15717,233,1,150.3,1,1,1,Lost
17234,182,1,149.89000000000001,1,2,1,Lost
15869,276,2,149.64,1,3,1,At Risk
17946,232,2,149.57999999999998,1,3,1,At Risk
18262,139,1,149.48,2,2,1,Hibernating
15748,39,1,149.31,3,1,1,Need Attention
15435,21,1,149.29,4,1,1,Potential Loyalists
13003,105,3,149.05,2,3,1,At Risk
17549,23,2,148.86,4,3,1,Potential Loyalists
15526,32,2,148.44,4,3,1,Potential Loyalists
17859,304,1,148.21,1,2,1,Lost
14968,29,1,147.59,4,1,1,Potential Loyalists
14098,36,1,147.35,3,1,1,Need Attention
14037,175,2,147.20000000000002,2,3,1,At Risk
12864,137,1,147.12,2,1,1,Hibernating
15503,362,1,147.09,1,1,1,Lost
17030,63,1,146.87,3,2,1,Need Attention
14238,325,1,146.85,1,1,1,Lost
16893,366,1,145.93,1,2,1,Lost
12565,288,1,145.92,1,1,1,Lost
17935,137,2,145.79,2,3,1,At Risk
13866,73,1,145.67000000000002,2,1,1,Hibernating
15937,63,1,145.35,3,2,1,Need Attention
16598,285,1,145.04999999999998,1,2,1,Lost
17524,360,1,145.0,1,2,1,Lost
16852,9,2,144.91000000000003,5,3,1,Potential Loyalists
12974,197,1,144.8,1,1,1,Lost
14109,72,1,144.2,2,1,1,Hibernating
17186,46,2,144.0,3,3,1,Need Attention
12587,7,1,144.0,5,1,1,New Customers
17578,217,1,143.45999999999998,1,2,1,Lost
15705,200,1,143.1,1,1,1,Lost
13299,267,1,142.5,1,1,1,Lost
16287,169,1,142.5,2,2,1,Hibernating
13584,306,1,142.4,1,1,1,Lost
14386,296,1,142.4,1,1,1,Lost
13561,215,1,141.85999999999999,1,1,1,Lost
14041,265,1,141.41,1,1,1,Lost
15388,269,1,140.54,1,1,1,Lost
13483,65,1,140.34,3,1,1,Need Attention
14494,25,1,139.56,4,1,1,Potential Loyalists
17718,231,1,139.35,1,2,1,Lost
16483,191,1,139.35,1,2,1,Lost
14772,111,1,139.26,2,1,1,Hibernating
18209,28,1,139.10000000000002,4,2,1,Potential Loyalists
15135,238,1,139.05,1,1,1,Lost
13273,112,1,138.98,2,1,1,Hibernating
12902,264,1,138.68,1,1,1,Lost
14581,16,1,138.6,4,1,1,Potential Loyalists
17122,118,1,138.32,2,2,1,Hibernating
13716,268,1,138.28,1,1,1,Lost
15663,105,1,138.14,2,1,1,Hibernating
12512,65,2,138.03,3,2,1,Need Attention
16050,173,1,137.9,2,2,1,Hibernating
13279,77,1,137.75,2,1,1,Hibernating
17709,169,1,137.45,2,2,1,Hibernating
15836,49,1,137.37,3,2,1,Need Attention
14483,281,1,137.1,1,1,1,Lost
17468,9,2,137.0,5,3,1,Potential Loyalists
15691,251,1,136.8,1,1,1,Lost
14247,277,1,136.76999999999998,1,1,1,Lost
17972,241,1,136.04,1,2,1,Lost
16462,73,3,136.0,2,4,1,At Risk
12968,111,1,135.95,2,1,1,Hibernating
15042,198,1,135.93,1,1,1,Lost
14889,335,1,135.9,1,1,1,Lost
15419,24,1,135.86,4,1,1,Potential Loyalists
16114,170,1,135.75000000000003,2,2,1,Hibernating
15174,322,1,135.75,1,1,1,Lost
16665,361,1,135.39999999999998,1,2,1,Lost
15276,65,1,135.31,3,1,1,Need Attention
12851,96,1,135.18,2,1,1,Hibernating
13364,70,1,134.95999999999998,3,1,1,Need Attention
16055,220,1,134.8,1,2,1,Lost
14340,218,1,134.7,1,1,1,Lost
15562,351,1,134.55,1,1,1,Lost
14174,32,1,134.46,4,1,1,Potential Loyalists
12837,172,1,134.1,2,1,1,Hibernating
14280,196,1,134.04,1,1,1,Lost
16424,190,1,133.56,1,2,1,Lost
14349,9,1,133.5,5,1,1,New Customers
12445,21,1,133.4,4,1,1,Potential Loyalists
17881,303,1,133.35000000000002,1,2,1,Lost
15709,283,1,133.25,1,1,1,Lost
17647,64,1,133.06,3,2,1,Need Attention
17785,52,1,131.94,3,2,1,Need Attention
14438,305,1,131.9,1,1,1,Lost
17297,16,1,131.78,4,2,1,Potential Loyalists
17455,203,1,131.7,1,2,1,Lost
14795,165,1,131.45000000000002,2,1,1,Hibernating
15844,45,1,130.73999999999998,3,2,1,Need Attention
16679,365,1,129.75,1,2,1,Lost
16611,185,1,129.49,1,2,1,Lost
16623,245,1,129.45,1,2,1,Lost
16828,92,2,128.5,2,3,1,At Risk
15543,287,1,127.86,1,1,1,Lost
17359,10,1,127.86,5,2,1,Potential Loyalists
13781,250,1,127.84,1,1,1,Lost
15578,161,1,127.1,2,1,1,Hibernating
15923,372,1,127.08,1,2,1,Lost
14962,270,1,126.7,1,1,1,Lost
16414,21,2,126.25,4,3,1,Potential Loyalists
15463,28,1,126.14,4,1,1,Potential Loyalists
16988,4,1,126.12,5,2,1,Potential Loyalists
12814,101,1,125.92,2,1,1,Hibernating
13522,29,1,125.80000000000001,4,1,1,Potential Loyalists
14861,51,1,125.79,3,1,1,Need Attention
14890,253,1,125.65,1,1,1,Lost
15017,33,1,125.58,3,1,1,Need Attention
12531,14,1,125.22,4,1,1,Potential Loyalists
17148,51,1,124.88,3,2,1,Need Attention
16849,186,1,124.57,1,2,1,Lost
16569,2,1,124.2,5,2,1,Potential Loyalists
14495,50,2,123.8,3,3,1,Need Attention
16658,367,1,123.24,1,2,1,Lost
15917,247,1,123.1,1,2,1,Lost
17967,371,1,123.07,1,2,1,Lost
13519,77,1,122.75,2,1,1,Hibernating
14413,361,1,122.7,1,1,1,Lost
13876,63,1,122.7,3,1,1,Need Attention
13638,15,1,122.64,4,1,1,Potential Loyalists
14165,275,1,122.53999999999999,1,1,1,Lost
14076,128,1,122.47,2,1,1,Hibernating
16073,296,1,122.39999999999999,1,2,1,Lost
18018,107,2,122.14,2,3,1,At Risk
13244,92,1,121.74000000000001,2,1,1,Hibernating
13182,44,1,121.18,3,1,1,Need Attention
15049,273,1,121.17000000000002,1,1,1,Lost
15512,155,2,121.0,2,3,1,At Risk
13002,317,1,120.94999999999999,1,1,1,Lost
17446,176,2,120.9,2,3,1,At Risk
18015,3,1,120.03,5,2,1,Potential Loyalists
14259,141,1,120.0,2,1,1,Hibernating
14314,106,1,120.0,2,1,1,Hibernating
14453,189,1,119.93,1,1,1,Lost
16542,53,1,119.62,3,2,1,Need Attention
15266,337,1,119.3,1,1,1,Lost
16666,18,1,118.98,4,2,1,Potential Loyalists
15843,303,1,118.95000000000002,1,2,1,Lost
17079,77,1,118.80000000000001,2,2,1,Hibernating
14155,265,1,118.75,1,1,1,Lost
13581,308,1,118.0,1,1,1,Lost
13193,60,1,117.88,3,1,1,Need Attention
12929,311,1,117.85,1,1,1,Lost
17654,276,1,117.55,1,2,1,Lost
16959,86,1,117.35000000000001,2,2,1,Hibernating
13877,85,1,117.24,2,1,1,Hibernating
17117,287,1,116.19999999999999,1,2,1,Lost
13170,26,1,116.00999999999999,4,1,1,Potential Loyalists
17601,238,1,116.00999999999999,1,2,1,Lost
14143,133,1,115.8,2,1,1,Hibernating
15350,372,1,115.65,1,1,1,Lost
13067,81,1,115.46000000000001,2,1,1,Hibernating
18027,98,1,115.31,2,2,1,Hibernating
14972,127,1,114.77,2,1,1,Hibernating
13188,10,1,114.60000000000001,5,1,1,New Customers
16247,169,1,114.56,2,2,1,Hibernating
14632,262,1,114.56,1,1,1,Lost
14974,36,1,114.39,3,1,1,Need Attention
17852,11,2,114.34,5,3,1,Potential Loyalists
17219,31,1,114.23,4,2,1,Potential Loyalists
14652,76,1,114.18,2,1,1,Hibernating
12938,25,1,114.14,4,1,1,Potential Loyalists
14582,40,1,114.11,3,1,1,Need Attention
12651,334,1,114.0,1,1,1,Lost
14457,310,1,113.64,1,1,1,Lost
15445,263,1,113.5,1,1,1,Lost
17217,233,1,113.5,1,2,1,Lost
18105,37,1,113.48000000000002,3,2,1,Need Attention
16913,289,1,113.44,1,2,1,Lost
15280,171,1,113.12,2,1,1,Hibernating
14689,208,1,112.8,1,1,1,Lost
13161,312,1,112.75,1,1,1,Lost
16697,240,1,112.75,1,2,1,Lost
13807,366,1,112.6,1,1,1,Lost
18129,242,1,112.55000000000001,1,2,1,Lost
15610,51,1,112.46000000000001,3,1,1,Need Attention
17038,29,1,112.4,4,2,1,Potential Loyalists
14271,225,1,112.32,1,1,1,Lost
17893,224,1,112.25,1,2,1,Lost
17900,189,2,112.19999999999999,1,3,1,At Risk
12756,86,1,112.07999999999998,2,1,1,Hibernating
17274,34,1,111.97999999999999,3,2,1,Need Attention
17957,65,1,111.68,3,2,1,Need Attention
17887,128,1,111.35,2,2,1,Hibernating
18120,213,1,111.15,1,2,1,Lost
13508,243,1,110.97,1,1,1,Lost
13144,332,1,110.95,1,1,1,Lost
15537,162,1,110.92,2,1,1,Hibernating
15853,51,1,110.8,3,2,1,Need Attention
17349,178,1,110.75,2,2,1,Hibernating
16963,186,1,110.55000000000001,1,2,1,Lost
14641,21,1,110.46,4,1,1,Potential Loyalists
12734,352,1,110.39999999999999,1,1,1,Lost
16792,281,2,110.38000000000001,1,3,1,At Risk
17901,28,1,110.38,4,2,1,Potential Loyalists
18277,57,1,110.38,3,2,1,Need Attention
17746,239,1,110.25,1,2,1,Lost
17836,46,1,110.21000000000001,3,2,1,Need Attention
16339,283,1,109.95,1,2,1,Lost
13133,273,2,109.8,1,2,1,Lost
16363,52,1,109.36000000000001,3,2,1,Need Attention
14699,213,1,109.13000000000001,1,1,1,Lost
14345,38,1,108.97999999999999,3,1,1,Need Attention
17639,275,1,108.5,1,2,1,Lost
16106,65,1,108.38,3,2,1,Need Attention
13226,272,1,108.21000000000001,1,1,1,Lost
12956,305,1,108.07,1,1,1,Lost
14661,26,1,107.95,4,1,1,Potential Loyalists
16784,19,1,107.6,4,2,1,Potential Loyalists
15395,325,1,107.45,1,1,1,Lost
16757,318,1,106.83000000000001,1,2,1,Lost
15168,25,1,106.56,4,1,1,Potential Loyalists
15070,372,1,106.2,1,1,1,Lost
17791,29,1,106.1,4,2,1,Potential Loyalists
16581,182,1,105.84,1,2,1,Lost
15775,244,1,104.9,1,2,1,Lost
14027,60,1,104.82,3,1,1,Need Attention
15607,336,1,104.76,1,1,1,Lost
15958,73,1,104.35,2,2,1,Hibernating
18174,6,1,104.0,5,2,1,Potential Loyalists
18255,88,1,103.3,2,2,1,Hibernating
17548,233,1,103.3,1,2,1,Lost
14542,185,1,103.25,1,1,1,Lost
17962,141,1,102.83,2,2,1,Hibernating
18011,372,1,102.78999999999999,1,2,1,Lost
14836,9,3,102.44999999999999,5,3,1,Potential Loyalists
14981,245,1,102.12,1,1,1,Lost
13948,360,1,102.0,1,1,1,Lost
15212,240,1,101.8,1,1,1,Lost
16516,29,1,101.69999999999999,4,2,1,Potential Loyalists
18068,288,1,101.69999999999999,1,2,1,Lost
17643,372,1,101.55,1,2,1,Lost
16006,210,1,101.4,1,2,1,Lost
18086,273,1,101.34,1,2,1,Lost
13101,233,1,101.19,1,1,1,Lost
16344,157,1,101.10000000000001,2,2,1,Hibernating
16498,160,2,100.97,2,3,1,At Risk
14946,13,1,100.9,4,1,1,Potential Loyalists
17427,71,1,100.8,3,2,1,Need Attention
14371,294,1,100.5,1,1,1,Lost
13703,317,1,99.5,1,1,1,Lost
17939,159,1,99.14,2,2,1,Hibernating
15256,148,1,98.45,2,1,1,Hibernating
17538,25,1,98.42,4,2,1,Potential Loyalists
17895,43,1,98.0,3,2,1,Need Attention
18033,64,1,97.97,3,2,1,Need Attention
15422,322,2,97.7,1,3,1,At Risk
12984,18,1,97.5,4,1,1,Potential Loyalists
17325,279,1,96.8,1,2,1,Lost
15216,87,1,96.6,2,1,1,Hibernating
14642,58,1,96.12,3,1,1,Need Attention
17024,44,3,95.85,3,4,1,Need Attention
18249,16,1,95.34,4,2,1,Potential Loyalists
12548,165,1,95.19999999999999,2,1,1,Hibernating
16387,322,1,94.36,1,2,1,Lost
13651,34,2,94.2,3,2,1,Need Attention
15397,289,1,94.0,1,1,1,Lost
15428,14,1,93.78,4,1,1,Potential Loyalists
18227,217,1,93.75,1,2,1,Lost
13283,59,2,93.66,3,2,1,Need Attention
17991,224,2,93.35,1,3,1,At Risk
12821,213,1,92.72,1,1,1,Lost
14054,64,1,92.46,3,1,1,Need Attention
12789,64,1,91.85,3,1,1,Need Attention
13551,318,1,91.80000000000001,1,1,1,Lost
13160,21,1,91.8,4,1,1,Potential Loyalists
12659,29,1,91.68,4,1,1,Potential Loyalists
15488,92,1,91.32000000000001,2,1,1,Hibernating
13947,64,1,90.6,3,1,1,Need Attention
14353,214,1,90.6,1,1,1,Lost
18084,15,1,90.47999999999999,4,2,1,Potential Loyalists
16506,19,2,90.30000000000001,4,3,1,Potential Loyalists
15552,216,1,90.12,1,1,1,Lost
16597,3,1,90.04,5,2,1,Potential Loyalists
14117,143,1,90.0,2,1,1,Hibernating
14219,3,1,89.94,5,1,1,New Customers
14760,296,1,89.2,1,1,1,Lost
12686,371,1,89.14,1,1,1,Lost
14436,98,1,89.06,2,1,1,Hibernating
12353,203,1,89.0,1,1,1,Lost
15083,256,1,88.2,1,1,1,Lost
15180,366,1,87.5,1,1,1,Lost
13296,136,1,87.4,2,1,1,Hibernating
15541,113,1,85.13000000000001,2,1,1,Hibernating
13841,252,1,85.0,1,1,1,Lost
15729,212,1,85.0,1,1,1,Lost
13666,59,3,84.65,3,3,1,Need Attention
12401,302,1,84.3,1,1,1,Lost
17309,94,1,82.75,2,2,1,Hibernating
13006,55,1,81.57,3,1,1,Need Attention
17620,59,1,81.44,3,2,1,Need Attention
18281,180,1,80.82,1,2,1,Lost
16789,7,1,80.8,5,2,1,Potential Loyalists
13967,145,1,80.7,2,1,1,Hibernating
17752,358,1,80.64,1,2,1,Lost
13747,373,1,79.6,1,1,1,Lost
16078,283,1,79.2,1,2,1,Lost
15753,304,1,79.2,1,2,1,Lost
17942,7,1,77.50000000000001,5,2,1,Potential Loyalists
14785,9,2,77.4,5,3,1,Potential Loyalists
13132,261,1,77.3,1,1,1,Lost
13992,29,1,76.8,4,1,1,Potential Loyalists
14373,357,1,76.55,1,1,1,Lost
17536,176,1,76.5,2,2,1,Hibernating
13106,132,1,76.5,2,1,1,Hibernating
15668,217,1,76.32000000000001,1,1,1,Lost
18113,368,1,76.32000000000001,1,2,1,Lost
16148,295,1,76.32000000000001,1,2,1,Lost
14090,324,1,76.32000000000001,1,1,1,Lost
17995,281,1,76.1,1,2,1,Lost
17628,80,1,75.75,2,2,1,Hibernating
16610,218,1,75.66,1,2,1,Lost
13403,17,1,75.0,4,1,1,Potential Loyalists
16468,73,1,74.9,2,2,1,Hibernating
18050,358,1,74.4,1,2,1,Lost
13095,70,1,74.39999999999999,3,1,1,Need Attention
17960,170,1,73.78,2,2,1,Hibernating
12506,232,1,73.5,1,1,1,Lost
18032,333,1,73.5,1,2,1,Lost
16171,58,1,73.2,3,2,1,Need Attention
17906,246,1,72.9,1,2,1,Lost
13686,182,1,72.0,1,1,1,Lost
13938,34,1,71.66,3,1,1,Need Attention
13185,267,1,71.4,1,1,1,Lost
17747,112,1,71.4,2,2,1,Hibernating
17022,30,1,71.0,4,2,1,Potential Loyalists
18037,153,6,70.02,2,5,1,At Risk
15863,25,2,68.84,4,3,1,Potential Loyalists
14393,217,1,67.95,1,1,1,Lost
13684,285,1,67.23,1,1,1,Lost
17382,64,1,65.4,3,2,1,Need Attention
13130,93,1,64.0,2,1,1,Hibernating
13302,154,1,63.75,2,1,1,Hibernating
17263,207,1,63.440000000000005,1,2,1,Lost
12665,324,1,63.0,1,1,1,Lost
14437,365,1,63.0,1,1,1,Lost
14840,267,1,62.85,1,1,1,Lost
13218,126,1,62.63999999999999,2,1,1,Hibernating
15516,44,3,62.43,3,3,1,Need Attention
13194,135,1,60.7,2,1,1,Hibernating
17174,217,1,59.9,1,2,1,Lost
13391,203,1,59.8,1,1,1,Lost
13682,186,1,59.5,1,1,1,Lost
14957,252,1,58.49,1,1,1,Lost
13080,178,1,58.08,2,1,1,Hibernating
17775,254,1,56.4,1,2,1,Lost
15899,368,1,56.25,1,2,1,Lost
13366,49,1,56.160000000000004,3,1,1,Need Attention
16349,290,1,53.5,1,2,1,Lost
15504,80,1,52.83,2,1,1,Hibernating
14865,6,2,52.2,5,3,1,Potential Loyalists
13832,18,1,52.199999999999996,4,1,1,Potential Loyalists
14682,187,2,52.0,1,3,1,At Risk
15313,109,1,52.0,2,1,1,Hibernating
17844,106,1,51.559999999999995,2,2,1,Hibernating
14351,164,1,51.0,2,1,1,Hibernating
13011,371,1,50.550000000000004,1,1,1,Lost
18184,14,1,49.8,4,2,1,Potential Loyalists
14821,366,1,48.800000000000004,1,1,1,Lost
15603,78,1,48.480000000000004,2,1,1,Hibernating
16257,176,1,46.95,2,2,1,Hibernating
14080,32,1,45.599999999999994,4,1,1,Potential Loyalists
15423,37,1,43.5,3,1,1,Need Attention
14300,18,1,43.2,4,1,1,Potential Loyalists
15992,3,1,41.989999999999995,5,2,1,Potential Loyalists
15178,259,1,40.5,1,1,1,Lost
14589,371,1,39.75,1,1,1,Lost
12977,155,1,39.239999999999995,2,1,1,Hibernating
16659,188,1,39.12,1,2,1,Lost
18019,51,1,38.45,3,2,1,Need Attention
12855,372,1,38.1,1,1,1,Lost
16162,251,1,37.4,1,2,1,Lost
17816,36,4,36.56,3,4,1,Need Attention
15940,310,1,35.8,1,2,1,Lost
17831,32,1,35.400000000000006,4,2,1,Potential Loyalists
16856,14,1,35.400000000000006,4,2,1,Potential Loyalists
14576,371,1,35.400000000000006,1,1,1,Lost
15744,77,1,34.8,2,1,1,Hibernating
16765,293,1,34.0,1,2,1,Lost
17408,162,1,32.65,2,2,1,Hibernating
13120,238,1,30.599999999999998,1,1,1,Lost
15657,22,1,30.0,4,1,1,Potential Loyalists
18268,133,1,25.5,2,2,1,Hibernating
17102,261,1,25.5,1,2,1,Lost
16953,29,1,20.8,4,2,1,Potential Loyalists
17986,55,1,20.8,3,2,1,Need Attention
16093,106,1,17.0,2,2,1,Hibernating
15823,371,1,15.0,1,2,1,Lost
17763,262,1,15.0,1,2,1,Lost
13307,119,1,15.0,2,1,1,Hibernating
16878,83,1,13.3,2,2,1,Hibernating
17956,248,1,12.75,1,2,1,Lost
16454,44,2,6.9,3,3,1,Need Attention
14792,63,1,6.2,3,1,1,Need Attention
16738,297,1,3.75,1,2,1,Lost
13256,13,1,0.0,4,1,1,Potential Loyalists
